2026-06-01 02:54:39,141:WARNING:
'cuml' is a soft dependency and not included in the pycaret installation. Please run: `pip install cuml` to install.
2026-06-01 02:54:39,141:WARNING:
'cuml' is a soft dependency and not included in the pycaret installation. Please run: `pip install cuml` to install.
2026-06-01 02:54:39,141:WARNING:
'cuml' is a soft dependency and not included in the pycaret installation. Please run: `pip install cuml` to install.
2026-06-01 02:54:39,141:WARNING:
'cuml' is a soft dependency and not included in the pycaret installation. Please run: `pip install cuml` to install.
2026-06-01 02:54:43,310:INFO:Initializing load_model()
2026-06-01 02:54:43,310:INFO:load_model(model_name=best_automl_ghosting_pipeline, platform=None, authentication=None, verbose=True)
2026-06-01 02:54:43,610:WARNING:C:\Users\Surface Laptop 3\AppData\Local\Programs\Python\Python311\Lib\site-packages\pycaret\internal\pipeline.py:148: UserWarning: Version mismatch:
current: {'deps_info': {'pip': '24.0', 'setuptools': '65.5.0', 'pycaret': '3.3.2', 'IPython': '9.14.0', 'ipywidgets': '8.1.8', 'tqdm': '4.67.3', 'numpy': '1.26.4', 'pandas': '2.1.4', 'jinja2': '3.1.6', 'scipy': '1.11.4', 'joblib': '1.3.2', 'sklearn': '1.4.2', 'pyod': '3.4.0', 'imblearn': '0.14.1', 'category_encoders': '2.7.0', 'lightgbm': '4.6.0', 'numba': '0.65.1', 'requests': '2.34.2', 'matplotlib': '3.7.5', 'scikitplot': '0.3.7', 'yellowbrick': '1.5', 'plotly': '6.7.0', 'plotly-resampler': 'Not installed', 'kaleido': '1.3.0', 'schemdraw': '0.15', 'statsmodels': '0.14.6', 'sktime': '0.26.0', 'tbats': '1.1.3', 'pmdarima': '2.0.4', 'psutil': '7.2.2', 'markupsafe': '3.0.3', 'pickle5': 'Not installed', 'cloudpickle': '3.1.2', 'deprecation': '2.1.0', 'xxhash': '3.7.0', 'wurlitzer': 'Not installed'}, 'python': {'version': '3.11.9', 'machine': 'AMD64'}}
pickle: {'deps_info': {'pip': '24.1.2', 'setuptools': '75.2.0', 'pycaret': '3.3.2', 'IPython': '7.34.0', 'ipywidgets': '7.7.1', 'tqdm': '4.67.1', 'numpy': '1.26.4', 'pandas': '2.1.4', 'jinja2': '3.1.6', 'scipy': '1.11.4', 'joblib': '1.3.2', 'sklearn': '1.2.2', 'pyod': '3.4.0', 'imblearn': '0.14.1', 'category_encoders': '2.7.0', 'lightgbm': '4.5.0', 'numba': '0.60.0', 'requests': '2.32.3', 'matplotlib': '3.7.5', 'scikitplot': '0.3.7', 'yellowbrick': '1.5', 'plotly': '5.24.1', 'plotly-resampler': 'Not installed', 'kaleido': '1.3.0', 'schemdraw': '0.15', 'statsmodels': '0.14.5', 'sktime': '0.26.0', 'tbats': '1.1.3', 'pmdarima': '2.0.4', 'psutil': '5.9.5', 'markupsafe': '2.0.1', 'pickle5': 'Not installed', 'cloudpickle': '3.1.1', 'deprecation': '2.1.0', 'xxhash': '3.5.0', 'wurlitzer': '3.1.1'}, 'python': {'version': '3.11.13', 'machine': 'x86_64'}}
  warnings.warn(

2026-06-01 03:02:49,149:WARNING:
'cuml' is a soft dependency and not included in the pycaret installation. Please run: `pip install cuml` to install.
2026-06-01 03:02:49,149:WARNING:
'cuml' is a soft dependency and not included in the pycaret installation. Please run: `pip install cuml` to install.
2026-06-01 03:02:49,149:WARNING:
'cuml' is a soft dependency and not included in the pycaret installation. Please run: `pip install cuml` to install.
2026-06-01 03:02:49,151:WARNING:
'cuml' is a soft dependency and not included in the pycaret installation. Please run: `pip install cuml` to install.
2026-06-01 03:03:19,917:WARNING:
'cuml' is a soft dependency and not included in the pycaret installation. Please run: `pip install cuml` to install.
2026-06-01 03:03:19,917:WARNING:
'cuml' is a soft dependency and not included in the pycaret installation. Please run: `pip install cuml` to install.
2026-06-01 03:03:19,917:WARNING:
'cuml' is a soft dependency and not included in the pycaret installation. Please run: `pip install cuml` to install.
2026-06-01 03:03:19,917:WARNING:
'cuml' is a soft dependency and not included in the pycaret installation. Please run: `pip install cuml` to install.
2026-06-01 03:03:26,396:INFO:Initializing load_model()
2026-06-01 03:03:26,396:INFO:load_model(model_name=best_automl_ghosting_pipeline, platform=None, authentication=None, verbose=True)
2026-06-01 03:03:26,763:WARNING:C:\Users\Surface Laptop 3\AppData\Local\Programs\Python\Python311\Lib\site-packages\pycaret\internal\pipeline.py:148: UserWarning: Version mismatch:
current: {'deps_info': {'pip': '24.0', 'setuptools': '65.5.0', 'pycaret': '3.3.2', 'IPython': '9.14.0', 'ipywidgets': '8.1.8', 'tqdm': '4.67.3', 'numpy': '1.26.4', 'pandas': '2.1.4', 'jinja2': '3.1.6', 'scipy': '1.11.4', 'joblib': '1.3.2', 'sklearn': '1.4.2', 'pyod': '3.4.0', 'imblearn': '0.14.1', 'category_encoders': '2.7.0', 'lightgbm': '4.6.0', 'numba': '0.65.1', 'requests': '2.34.2', 'matplotlib': '3.7.5', 'scikitplot': '0.3.7', 'yellowbrick': '1.5', 'plotly': '6.7.0', 'plotly-resampler': 'Not installed', 'kaleido': '1.3.0', 'schemdraw': '0.15', 'statsmodels': '0.14.6', 'sktime': '0.26.0', 'tbats': '1.1.3', 'pmdarima': '2.0.4', 'psutil': '7.2.2', 'markupsafe': '3.0.3', 'pickle5': 'Not installed', 'cloudpickle': '3.1.2', 'deprecation': '2.1.0', 'xxhash': '3.7.0', 'wurlitzer': 'Not installed'}, 'python': {'version': '3.11.9', 'machine': 'AMD64'}}
pickle: {'deps_info': {'pip': '24.1.2', 'setuptools': '75.2.0', 'pycaret': '3.3.2', 'IPython': '7.34.0', 'ipywidgets': '7.7.1', 'tqdm': '4.67.1', 'numpy': '1.26.4', 'pandas': '2.1.4', 'jinja2': '3.1.6', 'scipy': '1.11.4', 'joblib': '1.3.2', 'sklearn': '1.2.2', 'pyod': '3.4.0', 'imblearn': '0.14.1', 'category_encoders': '2.7.0', 'lightgbm': '4.5.0', 'numba': '0.60.0', 'requests': '2.32.3', 'matplotlib': '3.7.5', 'scikitplot': '0.3.7', 'yellowbrick': '1.5', 'plotly': '5.24.1', 'plotly-resampler': 'Not installed', 'kaleido': '1.3.0', 'schemdraw': '0.15', 'statsmodels': '0.14.5', 'sktime': '0.26.0', 'tbats': '1.1.3', 'pmdarima': '2.0.4', 'psutil': '5.9.5', 'markupsafe': '2.0.1', 'pickle5': 'Not installed', 'cloudpickle': '3.1.1', 'deprecation': '2.1.0', 'xxhash': '3.5.0', 'wurlitzer': '3.1.1'}, 'python': {'version': '3.11.13', 'machine': 'x86_64'}}
  warnings.warn(

2026-06-01 03:06:40,373:WARNING:
'cuml' is a soft dependency and not included in the pycaret installation. Please run: `pip install cuml` to install.
2026-06-01 03:06:40,373:WARNING:
'cuml' is a soft dependency and not included in the pycaret installation. Please run: `pip install cuml` to install.
2026-06-01 03:06:40,373:WARNING:
'cuml' is a soft dependency and not included in the pycaret installation. Please run: `pip install cuml` to install.
2026-06-01 03:06:40,373:WARNING:
'cuml' is a soft dependency and not included in the pycaret installation. Please run: `pip install cuml` to install.
2026-06-01 03:06:41,951:INFO:Initializing load_model()
2026-06-01 03:06:41,951:INFO:load_model(model_name=best_automl_ghosting_pipeline, platform=None, authentication=None, verbose=True)
2026-06-01 03:06:42,174:WARNING:C:\Users\Surface Laptop 3\AppData\Local\Programs\Python\Python311\Lib\site-packages\pycaret\internal\pipeline.py:148: UserWarning: Version mismatch:
current: {'deps_info': {'pip': '24.0', 'setuptools': '65.5.0', 'pycaret': '3.3.2', 'IPython': '9.14.0', 'ipywidgets': '8.1.8', 'tqdm': '4.67.3', 'numpy': '1.26.4', 'pandas': '2.1.4', 'jinja2': '3.1.6', 'scipy': '1.11.4', 'joblib': '1.3.2', 'sklearn': '1.4.2', 'pyod': '3.4.0', 'imblearn': '0.14.1', 'category_encoders': '2.7.0', 'lightgbm': '4.6.0', 'numba': '0.65.1', 'requests': '2.34.2', 'matplotlib': '3.7.5', 'scikitplot': '0.3.7', 'yellowbrick': '1.5', 'plotly': '6.7.0', 'plotly-resampler': 'Not installed', 'kaleido': '1.3.0', 'schemdraw': '0.15', 'statsmodels': '0.14.6', 'sktime': '0.26.0', 'tbats': '1.1.3', 'pmdarima': '2.0.4', 'psutil': '7.2.2', 'markupsafe': '3.0.3', 'pickle5': 'Not installed', 'cloudpickle': '3.1.2', 'deprecation': '2.1.0', 'xxhash': '3.7.0', 'wurlitzer': 'Not installed'}, 'python': {'version': '3.11.9', 'machine': 'AMD64'}}
pickle: {'deps_info': {'pip': '24.1.2', 'setuptools': '75.2.0', 'pycaret': '3.3.2', 'IPython': '7.34.0', 'ipywidgets': '7.7.1', 'tqdm': '4.67.1', 'numpy': '1.26.4', 'pandas': '2.1.4', 'jinja2': '3.1.6', 'scipy': '1.11.4', 'joblib': '1.3.2', 'sklearn': '1.2.2', 'pyod': '3.4.0', 'imblearn': '0.14.1', 'category_encoders': '2.7.0', 'lightgbm': '4.5.0', 'numba': '0.60.0', 'requests': '2.32.3', 'matplotlib': '3.7.5', 'scikitplot': '0.3.7', 'yellowbrick': '1.5', 'plotly': '5.24.1', 'plotly-resampler': 'Not installed', 'kaleido': '1.3.0', 'schemdraw': '0.15', 'statsmodels': '0.14.5', 'sktime': '0.26.0', 'tbats': '1.1.3', 'pmdarima': '2.0.4', 'psutil': '5.9.5', 'markupsafe': '2.0.1', 'pickle5': 'Not installed', 'cloudpickle': '3.1.1', 'deprecation': '2.1.0', 'xxhash': '3.5.0', 'wurlitzer': '3.1.1'}, 'python': {'version': '3.11.13', 'machine': 'x86_64'}}
  warnings.warn(

2026-06-01 03:07:11,732:WARNING:
'cuml' is a soft dependency and not included in the pycaret installation. Please run: `pip install cuml` to install.
2026-06-01 03:07:11,734:WARNING:
'cuml' is a soft dependency and not included in the pycaret installation. Please run: `pip install cuml` to install.
2026-06-01 03:07:11,734:WARNING:
'cuml' is a soft dependency and not included in the pycaret installation. Please run: `pip install cuml` to install.
2026-06-01 03:07:11,734:WARNING:
'cuml' is a soft dependency and not included in the pycaret installation. Please run: `pip install cuml` to install.
2026-06-01 03:07:14,504:INFO:Initializing load_model()
2026-06-01 03:07:14,504:INFO:load_model(model_name=best_automl_ghosting_pipeline, platform=None, authentication=None, verbose=True)
2026-06-01 03:07:14,988:WARNING:C:\Users\Surface Laptop 3\AppData\Local\Programs\Python\Python311\Lib\site-packages\pycaret\internal\pipeline.py:148: UserWarning: Version mismatch:
current: {'deps_info': {'pip': '24.0', 'setuptools': '65.5.0', 'pycaret': '3.3.2', 'IPython': '9.14.0', 'ipywidgets': '8.1.8', 'tqdm': '4.67.3', 'numpy': '1.26.4', 'pandas': '2.1.4', 'jinja2': '3.1.6', 'scipy': '1.11.4', 'joblib': '1.3.2', 'sklearn': '1.4.2', 'pyod': '3.4.0', 'imblearn': '0.14.1', 'category_encoders': '2.7.0', 'lightgbm': '4.6.0', 'numba': '0.65.1', 'requests': '2.34.2', 'matplotlib': '3.7.5', 'scikitplot': '0.3.7', 'yellowbrick': '1.5', 'plotly': '6.7.0', 'plotly-resampler': 'Not installed', 'kaleido': '1.3.0', 'schemdraw': '0.15', 'statsmodels': '0.14.6', 'sktime': '0.26.0', 'tbats': '1.1.3', 'pmdarima': '2.0.4', 'psutil': '7.2.2', 'markupsafe': '3.0.3', 'pickle5': 'Not installed', 'cloudpickle': '3.1.2', 'deprecation': '2.1.0', 'xxhash': '3.7.0', 'wurlitzer': 'Not installed'}, 'python': {'version': '3.11.9', 'machine': 'AMD64'}}
pickle: {'deps_info': {'pip': '24.1.2', 'setuptools': '75.2.0', 'pycaret': '3.3.2', 'IPython': '7.34.0', 'ipywidgets': '7.7.1', 'tqdm': '4.67.1', 'numpy': '1.26.4', 'pandas': '2.1.4', 'jinja2': '3.1.6', 'scipy': '1.11.4', 'joblib': '1.3.2', 'sklearn': '1.2.2', 'pyod': '3.4.0', 'imblearn': '0.14.1', 'category_encoders': '2.7.0', 'lightgbm': '4.5.0', 'numba': '0.60.0', 'requests': '2.32.3', 'matplotlib': '3.7.5', 'scikitplot': '0.3.7', 'yellowbrick': '1.5', 'plotly': '5.24.1', 'plotly-resampler': 'Not installed', 'kaleido': '1.3.0', 'schemdraw': '0.15', 'statsmodels': '0.14.5', 'sktime': '0.26.0', 'tbats': '1.1.3', 'pmdarima': '2.0.4', 'psutil': '5.9.5', 'markupsafe': '2.0.1', 'pickle5': 'Not installed', 'cloudpickle': '3.1.1', 'deprecation': '2.1.0', 'xxhash': '3.5.0', 'wurlitzer': '3.1.1'}, 'python': {'version': '3.11.13', 'machine': 'x86_64'}}
  warnings.warn(

2026-06-01 03:07:27,433:INFO:Initializing load_model()
2026-06-01 03:07:27,434:INFO:load_model(model_name=best_automl_ghosting_pipeline, platform=None, authentication=None, verbose=True)
2026-06-01 03:07:27,775:WARNING:C:\Users\Surface Laptop 3\AppData\Local\Programs\Python\Python311\Lib\site-packages\pycaret\internal\pipeline.py:148: UserWarning: Version mismatch:
current: {'deps_info': {'pip': '24.0', 'setuptools': '65.5.0', 'pycaret': '3.3.2', 'IPython': '9.14.0', 'ipywidgets': '8.1.8', 'tqdm': '4.67.3', 'numpy': '1.26.4', 'pandas': '2.1.4', 'jinja2': '3.1.6', 'scipy': '1.11.4', 'joblib': '1.3.2', 'sklearn': '1.4.2', 'pyod': '3.4.0', 'imblearn': '0.14.1', 'category_encoders': '2.7.0', 'lightgbm': '4.6.0', 'numba': '0.65.1', 'requests': '2.34.2', 'matplotlib': '3.7.5', 'scikitplot': '0.3.7', 'yellowbrick': '1.5', 'plotly': '6.7.0', 'plotly-resampler': 'Not installed', 'kaleido': '1.3.0', 'schemdraw': '0.15', 'statsmodels': '0.14.6', 'sktime': '0.26.0', 'tbats': '1.1.3', 'pmdarima': '2.0.4', 'psutil': '7.2.2', 'markupsafe': '3.0.3', 'pickle5': 'Not installed', 'cloudpickle': '3.1.2', 'deprecation': '2.1.0', 'xxhash': '3.7.0', 'wurlitzer': 'Not installed'}, 'python': {'version': '3.11.9', 'machine': 'AMD64'}}
pickle: {'deps_info': {'pip': '24.1.2', 'setuptools': '75.2.0', 'pycaret': '3.3.2', 'IPython': '7.34.0', 'ipywidgets': '7.7.1', 'tqdm': '4.67.1', 'numpy': '1.26.4', 'pandas': '2.1.4', 'jinja2': '3.1.6', 'scipy': '1.11.4', 'joblib': '1.3.2', 'sklearn': '1.2.2', 'pyod': '3.4.0', 'imblearn': '0.14.1', 'category_encoders': '2.7.0', 'lightgbm': '4.5.0', 'numba': '0.60.0', 'requests': '2.32.3', 'matplotlib': '3.7.5', 'scikitplot': '0.3.7', 'yellowbrick': '1.5', 'plotly': '5.24.1', 'plotly-resampler': 'Not installed', 'kaleido': '1.3.0', 'schemdraw': '0.15', 'statsmodels': '0.14.5', 'sktime': '0.26.0', 'tbats': '1.1.3', 'pmdarima': '2.0.4', 'psutil': '5.9.5', 'markupsafe': '2.0.1', 'pickle5': 'Not installed', 'cloudpickle': '3.1.1', 'deprecation': '2.1.0', 'xxhash': '3.5.0', 'wurlitzer': '3.1.1'}, 'python': {'version': '3.11.13', 'machine': 'x86_64'}}
  warnings.warn(

2026-06-01 03:07:28,924:INFO:Initializing load_model()
2026-06-01 03:07:28,924:INFO:load_model(model_name=best_automl_ghosting_pipeline, platform=None, authentication=None, verbose=True)
2026-06-01 03:07:29,275:WARNING:C:\Users\Surface Laptop 3\AppData\Local\Programs\Python\Python311\Lib\site-packages\pycaret\internal\pipeline.py:148: UserWarning: Version mismatch:
current: {'deps_info': {'pip': '24.0', 'setuptools': '65.5.0', 'pycaret': '3.3.2', 'IPython': '9.14.0', 'ipywidgets': '8.1.8', 'tqdm': '4.67.3', 'numpy': '1.26.4', 'pandas': '2.1.4', 'jinja2': '3.1.6', 'scipy': '1.11.4', 'joblib': '1.3.2', 'sklearn': '1.4.2', 'pyod': '3.4.0', 'imblearn': '0.14.1', 'category_encoders': '2.7.0', 'lightgbm': '4.6.0', 'numba': '0.65.1', 'requests': '2.34.2', 'matplotlib': '3.7.5', 'scikitplot': '0.3.7', 'yellowbrick': '1.5', 'plotly': '6.7.0', 'plotly-resampler': 'Not installed', 'kaleido': '1.3.0', 'schemdraw': '0.15', 'statsmodels': '0.14.6', 'sktime': '0.26.0', 'tbats': '1.1.3', 'pmdarima': '2.0.4', 'psutil': '7.2.2', 'markupsafe': '3.0.3', 'pickle5': 'Not installed', 'cloudpickle': '3.1.2', 'deprecation': '2.1.0', 'xxhash': '3.7.0', 'wurlitzer': 'Not installed'}, 'python': {'version': '3.11.9', 'machine': 'AMD64'}}
pickle: {'deps_info': {'pip': '24.1.2', 'setuptools': '75.2.0', 'pycaret': '3.3.2', 'IPython': '7.34.0', 'ipywidgets': '7.7.1', 'tqdm': '4.67.1', 'numpy': '1.26.4', 'pandas': '2.1.4', 'jinja2': '3.1.6', 'scipy': '1.11.4', 'joblib': '1.3.2', 'sklearn': '1.2.2', 'pyod': '3.4.0', 'imblearn': '0.14.1', 'category_encoders': '2.7.0', 'lightgbm': '4.5.0', 'numba': '0.60.0', 'requests': '2.32.3', 'matplotlib': '3.7.5', 'scikitplot': '0.3.7', 'yellowbrick': '1.5', 'plotly': '5.24.1', 'plotly-resampler': 'Not installed', 'kaleido': '1.3.0', 'schemdraw': '0.15', 'statsmodels': '0.14.5', 'sktime': '0.26.0', 'tbats': '1.1.3', 'pmdarima': '2.0.4', 'psutil': '5.9.5', 'markupsafe': '2.0.1', 'pickle5': 'Not installed', 'cloudpickle': '3.1.1', 'deprecation': '2.1.0', 'xxhash': '3.5.0', 'wurlitzer': '3.1.1'}, 'python': {'version': '3.11.13', 'machine': 'x86_64'}}
  warnings.warn(

2026-06-01 03:07:30,635:INFO:Initializing load_model()
2026-06-01 03:07:30,635:INFO:load_model(model_name=best_automl_ghosting_pipeline, platform=None, authentication=None, verbose=True)
2026-06-01 03:07:31,007:WARNING:C:\Users\Surface Laptop 3\AppData\Local\Programs\Python\Python311\Lib\site-packages\pycaret\internal\pipeline.py:148: UserWarning: Version mismatch:
current: {'deps_info': {'pip': '24.0', 'setuptools': '65.5.0', 'pycaret': '3.3.2', 'IPython': '9.14.0', 'ipywidgets': '8.1.8', 'tqdm': '4.67.3', 'numpy': '1.26.4', 'pandas': '2.1.4', 'jinja2': '3.1.6', 'scipy': '1.11.4', 'joblib': '1.3.2', 'sklearn': '1.4.2', 'pyod': '3.4.0', 'imblearn': '0.14.1', 'category_encoders': '2.7.0', 'lightgbm': '4.6.0', 'numba': '0.65.1', 'requests': '2.34.2', 'matplotlib': '3.7.5', 'scikitplot': '0.3.7', 'yellowbrick': '1.5', 'plotly': '6.7.0', 'plotly-resampler': 'Not installed', 'kaleido': '1.3.0', 'schemdraw': '0.15', 'statsmodels': '0.14.6', 'sktime': '0.26.0', 'tbats': '1.1.3', 'pmdarima': '2.0.4', 'psutil': '7.2.2', 'markupsafe': '3.0.3', 'pickle5': 'Not installed', 'cloudpickle': '3.1.2', 'deprecation': '2.1.0', 'xxhash': '3.7.0', 'wurlitzer': 'Not installed'}, 'python': {'version': '3.11.9', 'machine': 'AMD64'}}
pickle: {'deps_info': {'pip': '24.1.2', 'setuptools': '75.2.0', 'pycaret': '3.3.2', 'IPython': '7.34.0', 'ipywidgets': '7.7.1', 'tqdm': '4.67.1', 'numpy': '1.26.4', 'pandas': '2.1.4', 'jinja2': '3.1.6', 'scipy': '1.11.4', 'joblib': '1.3.2', 'sklearn': '1.2.2', 'pyod': '3.4.0', 'imblearn': '0.14.1', 'category_encoders': '2.7.0', 'lightgbm': '4.5.0', 'numba': '0.60.0', 'requests': '2.32.3', 'matplotlib': '3.7.5', 'scikitplot': '0.3.7', 'yellowbrick': '1.5', 'plotly': '5.24.1', 'plotly-resampler': 'Not installed', 'kaleido': '1.3.0', 'schemdraw': '0.15', 'statsmodels': '0.14.5', 'sktime': '0.26.0', 'tbats': '1.1.3', 'pmdarima': '2.0.4', 'psutil': '5.9.5', 'markupsafe': '2.0.1', 'pickle5': 'Not installed', 'cloudpickle': '3.1.1', 'deprecation': '2.1.0', 'xxhash': '3.5.0', 'wurlitzer': '3.1.1'}, 'python': {'version': '3.11.13', 'machine': 'x86_64'}}
  warnings.warn(

2026-06-01 03:07:32,038:INFO:Initializing load_model()
2026-06-01 03:07:32,041:INFO:load_model(model_name=best_automl_ghosting_pipeline, platform=None, authentication=None, verbose=True)
2026-06-01 03:07:32,388:WARNING:C:\Users\Surface Laptop 3\AppData\Local\Programs\Python\Python311\Lib\site-packages\pycaret\internal\pipeline.py:148: UserWarning: Version mismatch:
current: {'deps_info': {'pip': '24.0', 'setuptools': '65.5.0', 'pycaret': '3.3.2', 'IPython': '9.14.0', 'ipywidgets': '8.1.8', 'tqdm': '4.67.3', 'numpy': '1.26.4', 'pandas': '2.1.4', 'jinja2': '3.1.6', 'scipy': '1.11.4', 'joblib': '1.3.2', 'sklearn': '1.4.2', 'pyod': '3.4.0', 'imblearn': '0.14.1', 'category_encoders': '2.7.0', 'lightgbm': '4.6.0', 'numba': '0.65.1', 'requests': '2.34.2', 'matplotlib': '3.7.5', 'scikitplot': '0.3.7', 'yellowbrick': '1.5', 'plotly': '6.7.0', 'plotly-resampler': 'Not installed', 'kaleido': '1.3.0', 'schemdraw': '0.15', 'statsmodels': '0.14.6', 'sktime': '0.26.0', 'tbats': '1.1.3', 'pmdarima': '2.0.4', 'psutil': '7.2.2', 'markupsafe': '3.0.3', 'pickle5': 'Not installed', 'cloudpickle': '3.1.2', 'deprecation': '2.1.0', 'xxhash': '3.7.0', 'wurlitzer': 'Not installed'}, 'python': {'version': '3.11.9', 'machine': 'AMD64'}}
pickle: {'deps_info': {'pip': '24.1.2', 'setuptools': '75.2.0', 'pycaret': '3.3.2', 'IPython': '7.34.0', 'ipywidgets': '7.7.1', 'tqdm': '4.67.1', 'numpy': '1.26.4', 'pandas': '2.1.4', 'jinja2': '3.1.6', 'scipy': '1.11.4', 'joblib': '1.3.2', 'sklearn': '1.2.2', 'pyod': '3.4.0', 'imblearn': '0.14.1', 'category_encoders': '2.7.0', 'lightgbm': '4.5.0', 'numba': '0.60.0', 'requests': '2.32.3', 'matplotlib': '3.7.5', 'scikitplot': '0.3.7', 'yellowbrick': '1.5', 'plotly': '5.24.1', 'plotly-resampler': 'Not installed', 'kaleido': '1.3.0', 'schemdraw': '0.15', 'statsmodels': '0.14.5', 'sktime': '0.26.0', 'tbats': '1.1.3', 'pmdarima': '2.0.4', 'psutil': '5.9.5', 'markupsafe': '2.0.1', 'pickle5': 'Not installed', 'cloudpickle': '3.1.1', 'deprecation': '2.1.0', 'xxhash': '3.5.0', 'wurlitzer': '3.1.1'}, 'python': {'version': '3.11.13', 'machine': 'x86_64'}}
  warnings.warn(

2026-06-01 03:07:32,492:INFO:Initializing predict_model()
2026-06-01 03:07:32,492:INFO:predict_model(self=<pycaret.classification.oop.ClassificationExperiment object at 0x0000019D6C6594D0>, estimator=Pipeline(memory=Memory(location=None),
         steps=[('numerical_imputer',
                 TransformerWrapper(include=['PC1', 'PC2', 'PC3', 'PC4', 'PC5',
                                             'PC6', 'PC7', 'PC8', 'PC9', 'PC10',
                                             'PC11', 'PC12', 'PC13'],
                                    transformer=SimpleImputer())),
                ('categorical_imputer',
                 TransformerWrapper(include=[],
                                    transformer=SimpleImputer(strategy='most_frequent'))),
                ('balance',
                 TransformerWrapper(transformer=FixImbalancer(estimator=RandomUnderSampler(random_state=42)))),
                ('actual_estimator',
                 RandomForestClassifier(n_jobs=-1, random_state=42))]), probability_threshold=None, encoded_labels=False, raw_score=False, round=4, verbose=True, ml_usecase=None, preprocess=True, encode_labels=<function _SupervisedExperiment.predict_model.<locals>.encode_labels at 0x0000019D6B137F60>)
2026-06-01 03:07:32,492:INFO:Checking exceptions
2026-06-01 03:07:32,492:INFO:Preloading libraries
2026-06-01 03:07:32,492:INFO:Set up data.
2026-06-01 03:07:32,524:INFO:Set up index.
2026-06-01 03:07:38,719:INFO:Initializing load_model()
2026-06-01 03:07:38,719:INFO:load_model(model_name=best_automl_ghosting_pipeline, platform=None, authentication=None, verbose=True)
2026-06-01 03:07:38,719:INFO:Initializing load_model()
2026-06-01 03:07:38,719:INFO:load_model(model_name=best_automl_ghosting_pipeline, platform=None, authentication=None, verbose=True)
2026-06-01 03:07:39,369:WARNING:C:\Users\Surface Laptop 3\AppData\Local\Programs\Python\Python311\Lib\site-packages\pycaret\internal\pipeline.py:148: UserWarning: Version mismatch:
current: {'deps_info': {'pip': '24.0', 'setuptools': '65.5.0', 'pycaret': '3.3.2', 'IPython': '9.14.0', 'ipywidgets': '8.1.8', 'tqdm': '4.67.3', 'numpy': '1.26.4', 'pandas': '2.1.4', 'jinja2': '3.1.6', 'scipy': '1.11.4', 'joblib': '1.3.2', 'sklearn': '1.4.2', 'pyod': '3.4.0', 'imblearn': '0.14.1', 'category_encoders': '2.7.0', 'lightgbm': '4.6.0', 'numba': '0.65.1', 'requests': '2.34.2', 'matplotlib': '3.7.5', 'scikitplot': '0.3.7', 'yellowbrick': '1.5', 'plotly': '6.7.0', 'plotly-resampler': 'Not installed', 'kaleido': '1.3.0', 'schemdraw': '0.15', 'statsmodels': '0.14.6', 'sktime': '0.26.0', 'tbats': '1.1.3', 'pmdarima': '2.0.4', 'psutil': '7.2.2', 'markupsafe': '3.0.3', 'pickle5': 'Not installed', 'cloudpickle': '3.1.2', 'deprecation': '2.1.0', 'xxhash': '3.7.0', 'wurlitzer': 'Not installed'}, 'python': {'version': '3.11.9', 'machine': 'AMD64'}}
pickle: {'deps_info': {'pip': '24.1.2', 'setuptools': '75.2.0', 'pycaret': '3.3.2', 'IPython': '7.34.0', 'ipywidgets': '7.7.1', 'tqdm': '4.67.1', 'numpy': '1.26.4', 'pandas': '2.1.4', 'jinja2': '3.1.6', 'scipy': '1.11.4', 'joblib': '1.3.2', 'sklearn': '1.2.2', 'pyod': '3.4.0', 'imblearn': '0.14.1', 'category_encoders': '2.7.0', 'lightgbm': '4.5.0', 'numba': '0.60.0', 'requests': '2.32.3', 'matplotlib': '3.7.5', 'scikitplot': '0.3.7', 'yellowbrick': '1.5', 'plotly': '5.24.1', 'plotly-resampler': 'Not installed', 'kaleido': '1.3.0', 'schemdraw': '0.15', 'statsmodels': '0.14.5', 'sktime': '0.26.0', 'tbats': '1.1.3', 'pmdarima': '2.0.4', 'psutil': '5.9.5', 'markupsafe': '2.0.1', 'pickle5': 'Not installed', 'cloudpickle': '3.1.1', 'deprecation': '2.1.0', 'xxhash': '3.5.0', 'wurlitzer': '3.1.1'}, 'python': {'version': '3.11.13', 'machine': 'x86_64'}}
  warnings.warn(

2026-06-01 03:07:39,804:INFO:Initializing predict_model()
2026-06-01 03:07:39,804:INFO:predict_model(self=<pycaret.classification.oop.ClassificationExperiment object at 0x0000019D6FB454D0>, estimator=Pipeline(memory=Memory(location=None),
         steps=[('numerical_imputer',
                 TransformerWrapper(include=['PC1', 'PC2', 'PC3', 'PC4', 'PC5',
                                             'PC6', 'PC7', 'PC8', 'PC9', 'PC10',
                                             'PC11', 'PC12', 'PC13'],
                                    transformer=SimpleImputer())),
                ('categorical_imputer',
                 TransformerWrapper(include=[],
                                    transformer=SimpleImputer(strategy='most_frequent'))),
                ('balance',
                 TransformerWrapper(transformer=FixImbalancer(estimator=RandomUnderSampler(random_state=42)))),
                ('actual_estimator',
                 RandomForestClassifier(n_jobs=-1, random_state=42))]), probability_threshold=None, encoded_labels=False, raw_score=False, round=4, verbose=True, ml_usecase=None, preprocess=True, encode_labels=<function _SupervisedExperiment.predict_model.<locals>.encode_labels at 0x0000019D6CFC1580>)
2026-06-01 03:07:39,804:INFO:Checking exceptions
2026-06-01 03:07:39,804:INFO:Preloading libraries
2026-06-01 03:07:39,804:INFO:Set up data.
2026-06-01 03:07:39,808:INFO:Set up index.
2026-06-01 03:08:24,280:INFO:Initializing load_model()
2026-06-01 03:08:24,280:INFO:load_model(model_name=best_automl_ghosting_pipeline, platform=None, authentication=None, verbose=True)
2026-06-01 03:08:24,659:WARNING:C:\Users\Surface Laptop 3\AppData\Local\Programs\Python\Python311\Lib\site-packages\pycaret\internal\pipeline.py:148: UserWarning: Version mismatch:
current: {'deps_info': {'pip': '24.0', 'setuptools': '65.5.0', 'pycaret': '3.3.2', 'IPython': '9.14.0', 'ipywidgets': '8.1.8', 'tqdm': '4.67.3', 'numpy': '1.26.4', 'pandas': '2.1.4', 'jinja2': '3.1.6', 'scipy': '1.11.4', 'joblib': '1.3.2', 'sklearn': '1.4.2', 'pyod': '3.4.0', 'imblearn': '0.14.1', 'category_encoders': '2.7.0', 'lightgbm': '4.6.0', 'numba': '0.65.1', 'requests': '2.34.2', 'matplotlib': '3.7.5', 'scikitplot': '0.3.7', 'yellowbrick': '1.5', 'plotly': '6.7.0', 'plotly-resampler': 'Not installed', 'kaleido': '1.3.0', 'schemdraw': '0.15', 'statsmodels': '0.14.6', 'sktime': '0.26.0', 'tbats': '1.1.3', 'pmdarima': '2.0.4', 'psutil': '7.2.2', 'markupsafe': '3.0.3', 'pickle5': 'Not installed', 'cloudpickle': '3.1.2', 'deprecation': '2.1.0', 'xxhash': '3.7.0', 'wurlitzer': 'Not installed'}, 'python': {'version': '3.11.9', 'machine': 'AMD64'}}
pickle: {'deps_info': {'pip': '24.1.2', 'setuptools': '75.2.0', 'pycaret': '3.3.2', 'IPython': '7.34.0', 'ipywidgets': '7.7.1', 'tqdm': '4.67.1', 'numpy': '1.26.4', 'pandas': '2.1.4', 'jinja2': '3.1.6', 'scipy': '1.11.4', 'joblib': '1.3.2', 'sklearn': '1.2.2', 'pyod': '3.4.0', 'imblearn': '0.14.1', 'category_encoders': '2.7.0', 'lightgbm': '4.5.0', 'numba': '0.60.0', 'requests': '2.32.3', 'matplotlib': '3.7.5', 'scikitplot': '0.3.7', 'yellowbrick': '1.5', 'plotly': '5.24.1', 'plotly-resampler': 'Not installed', 'kaleido': '1.3.0', 'schemdraw': '0.15', 'statsmodels': '0.14.5', 'sktime': '0.26.0', 'tbats': '1.1.3', 'pmdarima': '2.0.4', 'psutil': '5.9.5', 'markupsafe': '2.0.1', 'pickle5': 'Not installed', 'cloudpickle': '3.1.1', 'deprecation': '2.1.0', 'xxhash': '3.5.0', 'wurlitzer': '3.1.1'}, 'python': {'version': '3.11.13', 'machine': 'x86_64'}}
  warnings.warn(

2026-06-01 03:08:30,786:INFO:Initializing load_model()
2026-06-01 03:08:30,786:INFO:load_model(model_name=best_automl_ghosting_pipeline, platform=None, authentication=None, verbose=True)
2026-06-01 03:08:31,175:WARNING:C:\Users\Surface Laptop 3\AppData\Local\Programs\Python\Python311\Lib\site-packages\pycaret\internal\pipeline.py:148: UserWarning: Version mismatch:
current: {'deps_info': {'pip': '24.0', 'setuptools': '65.5.0', 'pycaret': '3.3.2', 'IPython': '9.14.0', 'ipywidgets': '8.1.8', 'tqdm': '4.67.3', 'numpy': '1.26.4', 'pandas': '2.1.4', 'jinja2': '3.1.6', 'scipy': '1.11.4', 'joblib': '1.3.2', 'sklearn': '1.4.2', 'pyod': '3.4.0', 'imblearn': '0.14.1', 'category_encoders': '2.7.0', 'lightgbm': '4.6.0', 'numba': '0.65.1', 'requests': '2.34.2', 'matplotlib': '3.7.5', 'scikitplot': '0.3.7', 'yellowbrick': '1.5', 'plotly': '6.7.0', 'plotly-resampler': 'Not installed', 'kaleido': '1.3.0', 'schemdraw': '0.15', 'statsmodels': '0.14.6', 'sktime': '0.26.0', 'tbats': '1.1.3', 'pmdarima': '2.0.4', 'psutil': '7.2.2', 'markupsafe': '3.0.3', 'pickle5': 'Not installed', 'cloudpickle': '3.1.2', 'deprecation': '2.1.0', 'xxhash': '3.7.0', 'wurlitzer': 'Not installed'}, 'python': {'version': '3.11.9', 'machine': 'AMD64'}}
pickle: {'deps_info': {'pip': '24.1.2', 'setuptools': '75.2.0', 'pycaret': '3.3.2', 'IPython': '7.34.0', 'ipywidgets': '7.7.1', 'tqdm': '4.67.1', 'numpy': '1.26.4', 'pandas': '2.1.4', 'jinja2': '3.1.6', 'scipy': '1.11.4', 'joblib': '1.3.2', 'sklearn': '1.2.2', 'pyod': '3.4.0', 'imblearn': '0.14.1', 'category_encoders': '2.7.0', 'lightgbm': '4.5.0', 'numba': '0.60.0', 'requests': '2.32.3', 'matplotlib': '3.7.5', 'scikitplot': '0.3.7', 'yellowbrick': '1.5', 'plotly': '5.24.1', 'plotly-resampler': 'Not installed', 'kaleido': '1.3.0', 'schemdraw': '0.15', 'statsmodels': '0.14.5', 'sktime': '0.26.0', 'tbats': '1.1.3', 'pmdarima': '2.0.4', 'psutil': '5.9.5', 'markupsafe': '2.0.1', 'pickle5': 'Not installed', 'cloudpickle': '3.1.1', 'deprecation': '2.1.0', 'xxhash': '3.5.0', 'wurlitzer': '3.1.1'}, 'python': {'version': '3.11.13', 'machine': 'x86_64'}}
  warnings.warn(

2026-06-01 03:08:33,461:INFO:Initializing load_model()
2026-06-01 03:08:33,461:INFO:load_model(model_name=best_automl_ghosting_pipeline, platform=None, authentication=None, verbose=True)
2026-06-01 03:08:33,837:WARNING:C:\Users\Surface Laptop 3\AppData\Local\Programs\Python\Python311\Lib\site-packages\pycaret\internal\pipeline.py:148: UserWarning: Version mismatch:
current: {'deps_info': {'pip': '24.0', 'setuptools': '65.5.0', 'pycaret': '3.3.2', 'IPython': '9.14.0', 'ipywidgets': '8.1.8', 'tqdm': '4.67.3', 'numpy': '1.26.4', 'pandas': '2.1.4', 'jinja2': '3.1.6', 'scipy': '1.11.4', 'joblib': '1.3.2', 'sklearn': '1.4.2', 'pyod': '3.4.0', 'imblearn': '0.14.1', 'category_encoders': '2.7.0', 'lightgbm': '4.6.0', 'numba': '0.65.1', 'requests': '2.34.2', 'matplotlib': '3.7.5', 'scikitplot': '0.3.7', 'yellowbrick': '1.5', 'plotly': '6.7.0', 'plotly-resampler': 'Not installed', 'kaleido': '1.3.0', 'schemdraw': '0.15', 'statsmodels': '0.14.6', 'sktime': '0.26.0', 'tbats': '1.1.3', 'pmdarima': '2.0.4', 'psutil': '7.2.2', 'markupsafe': '3.0.3', 'pickle5': 'Not installed', 'cloudpickle': '3.1.2', 'deprecation': '2.1.0', 'xxhash': '3.7.0', 'wurlitzer': 'Not installed'}, 'python': {'version': '3.11.9', 'machine': 'AMD64'}}
pickle: {'deps_info': {'pip': '24.1.2', 'setuptools': '75.2.0', 'pycaret': '3.3.2', 'IPython': '7.34.0', 'ipywidgets': '7.7.1', 'tqdm': '4.67.1', 'numpy': '1.26.4', 'pandas': '2.1.4', 'jinja2': '3.1.6', 'scipy': '1.11.4', 'joblib': '1.3.2', 'sklearn': '1.2.2', 'pyod': '3.4.0', 'imblearn': '0.14.1', 'category_encoders': '2.7.0', 'lightgbm': '4.5.0', 'numba': '0.60.0', 'requests': '2.32.3', 'matplotlib': '3.7.5', 'scikitplot': '0.3.7', 'yellowbrick': '1.5', 'plotly': '5.24.1', 'plotly-resampler': 'Not installed', 'kaleido': '1.3.0', 'schemdraw': '0.15', 'statsmodels': '0.14.5', 'sktime': '0.26.0', 'tbats': '1.1.3', 'pmdarima': '2.0.4', 'psutil': '5.9.5', 'markupsafe': '2.0.1', 'pickle5': 'Not installed', 'cloudpickle': '3.1.1', 'deprecation': '2.1.0', 'xxhash': '3.5.0', 'wurlitzer': '3.1.1'}, 'python': {'version': '3.11.13', 'machine': 'x86_64'}}
  warnings.warn(

2026-06-01 03:08:33,932:INFO:Initializing predict_model()
2026-06-01 03:08:33,932:INFO:predict_model(self=<pycaret.classification.oop.ClassificationExperiment object at 0x0000019D6D393FD0>, estimator=Pipeline(memory=Memory(location=None),
         steps=[('numerical_imputer',
                 TransformerWrapper(include=['PC1', 'PC2', 'PC3', 'PC4', 'PC5',
                                             'PC6', 'PC7', 'PC8', 'PC9', 'PC10',
                                             'PC11', 'PC12', 'PC13'],
                                    transformer=SimpleImputer())),
                ('categorical_imputer',
                 TransformerWrapper(include=[],
                                    transformer=SimpleImputer(strategy='most_frequent'))),
                ('balance',
                 TransformerWrapper(transformer=FixImbalancer(estimator=RandomUnderSampler(random_state=42)))),
                ('actual_estimator',
                 RandomForestClassifier(n_jobs=-1, random_state=42))]), probability_threshold=None, encoded_labels=False, raw_score=False, round=4, verbose=True, ml_usecase=None, preprocess=True, encode_labels=<function _SupervisedExperiment.predict_model.<locals>.encode_labels at 0x0000019D6C651F80>)
2026-06-01 03:08:33,932:INFO:Checking exceptions
2026-06-01 03:08:33,932:INFO:Preloading libraries
2026-06-01 03:08:33,932:INFO:Set up data.
2026-06-01 03:08:33,945:INFO:Set up index.
2026-06-01 03:09:05,783:INFO:Initializing load_model()
2026-06-01 03:09:05,783:INFO:load_model(model_name=best_automl_ghosting_pipeline, platform=None, authentication=None, verbose=True)
2026-06-01 03:09:05,963:WARNING:C:\Users\Surface Laptop 3\AppData\Local\Programs\Python\Python311\Lib\site-packages\pycaret\internal\pipeline.py:148: UserWarning: Version mismatch:
current: {'deps_info': {'pip': '24.0', 'setuptools': '65.5.0', 'pycaret': '3.3.2', 'IPython': '9.14.0', 'ipywidgets': '8.1.8', 'tqdm': '4.67.3', 'numpy': '1.26.4', 'pandas': '2.1.4', 'jinja2': '3.1.6', 'scipy': '1.11.4', 'joblib': '1.3.2', 'sklearn': '1.4.2', 'pyod': '3.4.0', 'imblearn': '0.14.1', 'category_encoders': '2.7.0', 'lightgbm': '4.6.0', 'numba': '0.65.1', 'requests': '2.34.2', 'matplotlib': '3.7.5', 'scikitplot': '0.3.7', 'yellowbrick': '1.5', 'plotly': '6.7.0', 'plotly-resampler': 'Not installed', 'kaleido': '1.3.0', 'schemdraw': '0.15', 'statsmodels': '0.14.6', 'sktime': '0.26.0', 'tbats': '1.1.3', 'pmdarima': '2.0.4', 'psutil': '7.2.2', 'markupsafe': '3.0.3', 'pickle5': 'Not installed', 'cloudpickle': '3.1.2', 'deprecation': '2.1.0', 'xxhash': '3.7.0', 'wurlitzer': 'Not installed'}, 'python': {'version': '3.11.9', 'machine': 'AMD64'}}
pickle: {'deps_info': {'pip': '24.1.2', 'setuptools': '75.2.0', 'pycaret': '3.3.2', 'IPython': '7.34.0', 'ipywidgets': '7.7.1', 'tqdm': '4.67.1', 'numpy': '1.26.4', 'pandas': '2.1.4', 'jinja2': '3.1.6', 'scipy': '1.11.4', 'joblib': '1.3.2', 'sklearn': '1.2.2', 'pyod': '3.4.0', 'imblearn': '0.14.1', 'category_encoders': '2.7.0', 'lightgbm': '4.5.0', 'numba': '0.60.0', 'requests': '2.32.3', 'matplotlib': '3.7.5', 'scikitplot': '0.3.7', 'yellowbrick': '1.5', 'plotly': '5.24.1', 'plotly-resampler': 'Not installed', 'kaleido': '1.3.0', 'schemdraw': '0.15', 'statsmodels': '0.14.5', 'sktime': '0.26.0', 'tbats': '1.1.3', 'pmdarima': '2.0.4', 'psutil': '5.9.5', 'markupsafe': '2.0.1', 'pickle5': 'Not installed', 'cloudpickle': '3.1.1', 'deprecation': '2.1.0', 'xxhash': '3.5.0', 'wurlitzer': '3.1.1'}, 'python': {'version': '3.11.13', 'machine': 'x86_64'}}
  warnings.warn(

2026-06-01 03:09:12,194:INFO:Initializing load_model()
2026-06-01 03:09:12,194:INFO:load_model(model_name=best_automl_ghosting_pipeline, platform=None, authentication=None, verbose=True)
2026-06-01 03:09:12,541:WARNING:C:\Users\Surface Laptop 3\AppData\Local\Programs\Python\Python311\Lib\site-packages\pycaret\internal\pipeline.py:148: UserWarning: Version mismatch:
current: {'deps_info': {'pip': '24.0', 'setuptools': '65.5.0', 'pycaret': '3.3.2', 'IPython': '9.14.0', 'ipywidgets': '8.1.8', 'tqdm': '4.67.3', 'numpy': '1.26.4', 'pandas': '2.1.4', 'jinja2': '3.1.6', 'scipy': '1.11.4', 'joblib': '1.3.2', 'sklearn': '1.4.2', 'pyod': '3.4.0', 'imblearn': '0.14.1', 'category_encoders': '2.7.0', 'lightgbm': '4.6.0', 'numba': '0.65.1', 'requests': '2.34.2', 'matplotlib': '3.7.5', 'scikitplot': '0.3.7', 'yellowbrick': '1.5', 'plotly': '6.7.0', 'plotly-resampler': 'Not installed', 'kaleido': '1.3.0', 'schemdraw': '0.15', 'statsmodels': '0.14.6', 'sktime': '0.26.0', 'tbats': '1.1.3', 'pmdarima': '2.0.4', 'psutil': '7.2.2', 'markupsafe': '3.0.3', 'pickle5': 'Not installed', 'cloudpickle': '3.1.2', 'deprecation': '2.1.0', 'xxhash': '3.7.0', 'wurlitzer': 'Not installed'}, 'python': {'version': '3.11.9', 'machine': 'AMD64'}}
pickle: {'deps_info': {'pip': '24.1.2', 'setuptools': '75.2.0', 'pycaret': '3.3.2', 'IPython': '7.34.0', 'ipywidgets': '7.7.1', 'tqdm': '4.67.1', 'numpy': '1.26.4', 'pandas': '2.1.4', 'jinja2': '3.1.6', 'scipy': '1.11.4', 'joblib': '1.3.2', 'sklearn': '1.2.2', 'pyod': '3.4.0', 'imblearn': '0.14.1', 'category_encoders': '2.7.0', 'lightgbm': '4.5.0', 'numba': '0.60.0', 'requests': '2.32.3', 'matplotlib': '3.7.5', 'scikitplot': '0.3.7', 'yellowbrick': '1.5', 'plotly': '5.24.1', 'plotly-resampler': 'Not installed', 'kaleido': '1.3.0', 'schemdraw': '0.15', 'statsmodels': '0.14.5', 'sktime': '0.26.0', 'tbats': '1.1.3', 'pmdarima': '2.0.4', 'psutil': '5.9.5', 'markupsafe': '2.0.1', 'pickle5': 'Not installed', 'cloudpickle': '3.1.1', 'deprecation': '2.1.0', 'xxhash': '3.5.0', 'wurlitzer': '3.1.1'}, 'python': {'version': '3.11.13', 'machine': 'x86_64'}}
  warnings.warn(

2026-06-01 03:09:12,642:INFO:Initializing predict_model()
2026-06-01 03:09:12,644:INFO:predict_model(self=<pycaret.classification.oop.ClassificationExperiment object at 0x0000019D6F958A50>, estimator=Pipeline(memory=Memory(location=None),
         steps=[('numerical_imputer',
                 TransformerWrapper(include=['PC1', 'PC2', 'PC3', 'PC4', 'PC5',
                                             'PC6', 'PC7', 'PC8', 'PC9', 'PC10',
                                             'PC11', 'PC12', 'PC13'],
                                    transformer=SimpleImputer())),
                ('categorical_imputer',
                 TransformerWrapper(include=[],
                                    transformer=SimpleImputer(strategy='most_frequent'))),
                ('balance',
                 TransformerWrapper(transformer=FixImbalancer(estimator=RandomUnderSampler(random_state=42)))),
                ('actual_estimator',
                 RandomForestClassifier(n_jobs=-1, random_state=42))]), probability_threshold=None, encoded_labels=False, raw_score=False, round=4, verbose=True, ml_usecase=None, preprocess=True, encode_labels=<function _SupervisedExperiment.predict_model.<locals>.encode_labels at 0x0000019D6F957F60>)
2026-06-01 03:09:12,644:INFO:Checking exceptions
2026-06-01 03:09:12,644:INFO:Preloading libraries
2026-06-01 03:09:12,646:INFO:Set up data.
2026-06-01 03:09:12,651:INFO:Set up index.
2026-06-01 03:10:01,828:WARNING:
'cuml' is a soft dependency and not included in the pycaret installation. Please run: `pip install cuml` to install.
2026-06-01 03:10:01,830:WARNING:
'cuml' is a soft dependency and not included in the pycaret installation. Please run: `pip install cuml` to install.
2026-06-01 03:10:01,830:WARNING:
'cuml' is a soft dependency and not included in the pycaret installation. Please run: `pip install cuml` to install.
2026-06-01 03:10:01,830:WARNING:
'cuml' is a soft dependency and not included in the pycaret installation. Please run: `pip install cuml` to install.
2026-06-01 03:10:09,966:INFO:Initializing load_model()
2026-06-01 03:10:09,966:INFO:load_model(model_name=best_automl_ghosting_pipeline, platform=None, authentication=None, verbose=True)
2026-06-01 03:10:10,442:WARNING:C:\Users\Surface Laptop 3\AppData\Local\Programs\Python\Python311\Lib\site-packages\pycaret\internal\pipeline.py:148: UserWarning: Version mismatch:
current: {'deps_info': {'pip': '24.0', 'setuptools': '65.5.0', 'pycaret': '3.3.2', 'IPython': '9.14.0', 'ipywidgets': '8.1.8', 'tqdm': '4.67.3', 'numpy': '1.26.4', 'pandas': '2.1.4', 'jinja2': '3.1.6', 'scipy': '1.11.4', 'joblib': '1.3.2', 'sklearn': '1.4.2', 'pyod': '3.4.0', 'imblearn': '0.14.1', 'category_encoders': '2.7.0', 'lightgbm': '4.6.0', 'numba': '0.65.1', 'requests': '2.34.2', 'matplotlib': '3.7.5', 'scikitplot': '0.3.7', 'yellowbrick': '1.5', 'plotly': '6.7.0', 'plotly-resampler': 'Not installed', 'kaleido': '1.3.0', 'schemdraw': '0.15', 'statsmodels': '0.14.6', 'sktime': '0.26.0', 'tbats': '1.1.3', 'pmdarima': '2.0.4', 'psutil': '7.2.2', 'markupsafe': '3.0.3', 'pickle5': 'Not installed', 'cloudpickle': '3.1.2', 'deprecation': '2.1.0', 'xxhash': '3.7.0', 'wurlitzer': 'Not installed'}, 'python': {'version': '3.11.9', 'machine': 'AMD64'}}
pickle: {'deps_info': {'pip': '24.1.2', 'setuptools': '75.2.0', 'pycaret': '3.3.2', 'IPython': '7.34.0', 'ipywidgets': '7.7.1', 'tqdm': '4.67.1', 'numpy': '1.26.4', 'pandas': '2.1.4', 'jinja2': '3.1.6', 'scipy': '1.11.4', 'joblib': '1.3.2', 'sklearn': '1.2.2', 'pyod': '3.4.0', 'imblearn': '0.14.1', 'category_encoders': '2.7.0', 'lightgbm': '4.5.0', 'numba': '0.60.0', 'requests': '2.32.3', 'matplotlib': '3.7.5', 'scikitplot': '0.3.7', 'yellowbrick': '1.5', 'plotly': '5.24.1', 'plotly-resampler': 'Not installed', 'kaleido': '1.3.0', 'schemdraw': '0.15', 'statsmodels': '0.14.5', 'sktime': '0.26.0', 'tbats': '1.1.3', 'pmdarima': '2.0.4', 'psutil': '5.9.5', 'markupsafe': '2.0.1', 'pickle5': 'Not installed', 'cloudpickle': '3.1.1', 'deprecation': '2.1.0', 'xxhash': '3.5.0', 'wurlitzer': '3.1.1'}, 'python': {'version': '3.11.13', 'machine': 'x86_64'}}
  warnings.warn(

2026-06-01 03:13:00,891:WARNING:
'cuml' is a soft dependency and not included in the pycaret installation. Please run: `pip install cuml` to install.
2026-06-01 03:13:00,891:WARNING:
'cuml' is a soft dependency and not included in the pycaret installation. Please run: `pip install cuml` to install.
2026-06-01 03:13:00,891:WARNING:
'cuml' is a soft dependency and not included in the pycaret installation. Please run: `pip install cuml` to install.
2026-06-01 03:13:00,891:WARNING:
'cuml' is a soft dependency and not included in the pycaret installation. Please run: `pip install cuml` to install.
2026-06-01 03:13:03,987:INFO:Initializing load_model()
2026-06-01 03:13:03,987:INFO:load_model(model_name=best_automl_ghosting_pipeline, platform=None, authentication=None, verbose=True)
2026-06-01 03:13:04,364:WARNING:C:\Users\Surface Laptop 3\AppData\Local\Programs\Python\Python311\Lib\site-packages\pycaret\internal\pipeline.py:148: UserWarning: Version mismatch:
current: {'deps_info': {'pip': '24.0', 'setuptools': '65.5.0', 'pycaret': '3.3.2', 'IPython': '9.14.0', 'ipywidgets': '8.1.8', 'tqdm': '4.67.3', 'numpy': '1.26.4', 'pandas': '2.1.4', 'jinja2': '3.1.6', 'scipy': '1.11.4', 'joblib': '1.3.2', 'sklearn': '1.4.2', 'pyod': '3.4.0', 'imblearn': '0.14.1', 'category_encoders': '2.7.0', 'lightgbm': '4.6.0', 'numba': '0.65.1', 'requests': '2.34.2', 'matplotlib': '3.7.5', 'scikitplot': '0.3.7', 'yellowbrick': '1.5', 'plotly': '6.7.0', 'plotly-resampler': 'Not installed', 'kaleido': '1.3.0', 'schemdraw': '0.15', 'statsmodels': '0.14.6', 'sktime': '0.26.0', 'tbats': '1.1.3', 'pmdarima': '2.0.4', 'psutil': '7.2.2', 'markupsafe': '3.0.3', 'pickle5': 'Not installed', 'cloudpickle': '3.1.2', 'deprecation': '2.1.0', 'xxhash': '3.7.0', 'wurlitzer': 'Not installed'}, 'python': {'version': '3.11.9', 'machine': 'AMD64'}}
pickle: {'deps_info': {'pip': '24.1.2', 'setuptools': '75.2.0', 'pycaret': '3.3.2', 'IPython': '7.34.0', 'ipywidgets': '7.7.1', 'tqdm': '4.67.1', 'numpy': '1.26.4', 'pandas': '2.1.4', 'jinja2': '3.1.6', 'scipy': '1.11.4', 'joblib': '1.3.2', 'sklearn': '1.2.2', 'pyod': '3.4.0', 'imblearn': '0.14.1', 'category_encoders': '2.7.0', 'lightgbm': '4.5.0', 'numba': '0.60.0', 'requests': '2.32.3', 'matplotlib': '3.7.5', 'scikitplot': '0.3.7', 'yellowbrick': '1.5', 'plotly': '5.24.1', 'plotly-resampler': 'Not installed', 'kaleido': '1.3.0', 'schemdraw': '0.15', 'statsmodels': '0.14.5', 'sktime': '0.26.0', 'tbats': '1.1.3', 'pmdarima': '2.0.4', 'psutil': '5.9.5', 'markupsafe': '2.0.1', 'pickle5': 'Not installed', 'cloudpickle': '3.1.1', 'deprecation': '2.1.0', 'xxhash': '3.5.0', 'wurlitzer': '3.1.1'}, 'python': {'version': '3.11.13', 'machine': 'x86_64'}}
  warnings.warn(

2026-06-01 03:13:24,455:INFO:Initializing predict_model()
2026-06-01 03:13:24,455:INFO:predict_model(self=<pycaret.classification.oop.ClassificationExperiment object at 0x000002C4B2CCA790>, estimator=Pipeline(memory=Memory(location=None),
         steps=[('numerical_imputer',
                 TransformerWrapper(include=['PC1', 'PC2', 'PC3', 'PC4', 'PC5',
                                             'PC6', 'PC7', 'PC8', 'PC9', 'PC10',
                                             'PC11', 'PC12', 'PC13'],
                                    transformer=SimpleImputer())),
                ('categorical_imputer',
                 TransformerWrapper(include=[],
                                    transformer=SimpleImputer(strategy='most_frequent'))),
                ('balance',
                 TransformerWrapper(transformer=FixImbalancer(estimator=RandomUnderSampler(random_state=42)))),
                ('actual_estimator',
                 RandomForestClassifier(n_jobs=-1, random_state=42))]), probability_threshold=None, encoded_labels=False, raw_score=False, round=4, verbose=True, ml_usecase=None, preprocess=True, encode_labels=<function _SupervisedExperiment.predict_model.<locals>.encode_labels at 0x000002C4E66D3EC0>)
2026-06-01 03:13:24,455:INFO:Checking exceptions
2026-06-01 03:13:24,455:INFO:Preloading libraries
2026-06-01 03:13:24,463:INFO:Set up data.
2026-06-01 03:13:24,485:INFO:Set up index.
2026-06-01 08:06:14,207:WARNING:
'cuml' is a soft dependency and not included in the pycaret installation. Please run: `pip install cuml` to install.
2026-06-01 08:06:14,207:WARNING:
'cuml' is a soft dependency and not included in the pycaret installation. Please run: `pip install cuml` to install.
2026-06-01 08:06:14,207:WARNING:
'cuml' is a soft dependency and not included in the pycaret installation. Please run: `pip install cuml` to install.
2026-06-01 08:06:14,207:WARNING:
'cuml' is a soft dependency and not included in the pycaret installation. Please run: `pip install cuml` to install.
2026-06-01 08:06:18,322:INFO:Initializing load_model()
2026-06-01 08:06:18,322:INFO:Initializing load_model()
2026-06-01 08:06:18,322:INFO:load_model(model_name=best_automl_ghosting_pipeline, platform=None, authentication=None, verbose=True)
2026-06-01 08:06:18,322:INFO:load_model(model_name=best_automl_ghosting_pipeline, platform=None, authentication=None, verbose=True)
2026-06-01 08:06:18,582:INFO:Transformation Pipeline and Model Successfully Loaded
2026-06-01 08:06:18,599:WARNING:C:\Users\Surface Laptop 3\AppData\Local\Programs\Python\Python311\Lib\site-packages\pycaret\internal\pipeline.py:148: UserWarning: Version mismatch:
current: {'deps_info': {'pip': '24.0', 'setuptools': '65.5.0', 'pycaret': '3.3.2', 'IPython': '9.14.0', 'ipywidgets': '8.1.8', 'tqdm': '4.67.3', 'numpy': '1.26.4', 'pandas': '2.1.4', 'jinja2': '3.1.6', 'scipy': '1.11.4', 'joblib': '1.3.2', 'sklearn': '1.4.2', 'pyod': '3.4.0', 'imblearn': '0.14.1', 'category_encoders': '2.7.0', 'lightgbm': '4.6.0', 'numba': '0.65.1', 'requests': '2.34.2', 'matplotlib': '3.7.5', 'scikitplot': '0.3.7', 'yellowbrick': '1.5', 'plotly': '6.7.0', 'plotly-resampler': 'Not installed', 'kaleido': '1.3.0', 'schemdraw': '0.15', 'statsmodels': '0.14.6', 'sktime': '0.26.0', 'tbats': '1.1.3', 'pmdarima': '2.0.4', 'psutil': '7.2.2', 'markupsafe': '3.0.3', 'pickle5': 'Not installed', 'cloudpickle': '3.1.2', 'deprecation': '2.1.0', 'xxhash': '3.7.0', 'wurlitzer': 'Not installed'}, 'python': {'version': '3.11.9', 'machine': 'AMD64'}}
pickle: {'deps_info': {'pip': '24.1.2', 'setuptools': '75.2.0', 'pycaret': '3.3.2', 'IPython': '7.34.0', 'ipywidgets': '7.7.1', 'tqdm': '4.67.1', 'numpy': '1.26.4', 'pandas': '2.1.4', 'jinja2': '3.1.6', 'scipy': '1.11.4', 'joblib': '1.3.2', 'sklearn': '1.2.2', 'pyod': '3.4.0', 'imblearn': '0.14.1', 'category_encoders': '2.7.0', 'lightgbm': '4.5.0', 'numba': '0.60.0', 'requests': '2.32.3', 'matplotlib': '3.7.5', 'scikitplot': '0.3.7', 'yellowbrick': '1.5', 'plotly': '5.24.1', 'plotly-resampler': 'Not installed', 'kaleido': '1.3.0', 'schemdraw': '0.15', 'statsmodels': '0.14.5', 'sktime': '0.26.0', 'tbats': '1.1.3', 'pmdarima': '2.0.4', 'psutil': '5.9.5', 'markupsafe': '2.0.1', 'pickle5': 'Not installed', 'cloudpickle': '3.1.1', 'deprecation': '2.1.0', 'xxhash': '3.5.0', 'wurlitzer': '3.1.1'}, 'python': {'version': '3.11.13', 'machine': 'x86_64'}}
  warnings.warn(

2026-06-01 08:06:18,610:INFO:Transformation Pipeline and Model Successfully Loaded
2026-06-01 08:06:27,067:INFO:Initializing load_model()
2026-06-01 08:06:27,068:INFO:load_model(model_name=best_automl_ghosting_pipeline, platform=None, authentication=None, verbose=True)
2026-06-01 08:06:27,242:WARNING:C:\Users\Surface Laptop 3\AppData\Local\Programs\Python\Python311\Lib\site-packages\pycaret\internal\pipeline.py:148: UserWarning: Version mismatch:
current: {'deps_info': {'pip': '24.0', 'setuptools': '65.5.0', 'pycaret': '3.3.2', 'IPython': '9.14.0', 'ipywidgets': '8.1.8', 'tqdm': '4.67.3', 'numpy': '1.26.4', 'pandas': '2.1.4', 'jinja2': '3.1.6', 'scipy': '1.11.4', 'joblib': '1.3.2', 'sklearn': '1.4.2', 'pyod': '3.4.0', 'imblearn': '0.14.1', 'category_encoders': '2.7.0', 'lightgbm': '4.6.0', 'numba': '0.65.1', 'requests': '2.34.2', 'matplotlib': '3.7.5', 'scikitplot': '0.3.7', 'yellowbrick': '1.5', 'plotly': '6.7.0', 'plotly-resampler': 'Not installed', 'kaleido': '1.3.0', 'schemdraw': '0.15', 'statsmodels': '0.14.6', 'sktime': '0.26.0', 'tbats': '1.1.3', 'pmdarima': '2.0.4', 'psutil': '7.2.2', 'markupsafe': '3.0.3', 'pickle5': 'Not installed', 'cloudpickle': '3.1.2', 'deprecation': '2.1.0', 'xxhash': '3.7.0', 'wurlitzer': 'Not installed'}, 'python': {'version': '3.11.9', 'machine': 'AMD64'}}
pickle: {'deps_info': {'pip': '24.1.2', 'setuptools': '75.2.0', 'pycaret': '3.3.2', 'IPython': '7.34.0', 'ipywidgets': '7.7.1', 'tqdm': '4.67.1', 'numpy': '1.26.4', 'pandas': '2.1.4', 'jinja2': '3.1.6', 'scipy': '1.11.4', 'joblib': '1.3.2', 'sklearn': '1.2.2', 'pyod': '3.4.0', 'imblearn': '0.14.1', 'category_encoders': '2.7.0', 'lightgbm': '4.5.0', 'numba': '0.60.0', 'requests': '2.32.3', 'matplotlib': '3.7.5', 'scikitplot': '0.3.7', 'yellowbrick': '1.5', 'plotly': '5.24.1', 'plotly-resampler': 'Not installed', 'kaleido': '1.3.0', 'schemdraw': '0.15', 'statsmodels': '0.14.5', 'sktime': '0.26.0', 'tbats': '1.1.3', 'pmdarima': '2.0.4', 'psutil': '5.9.5', 'markupsafe': '2.0.1', 'pickle5': 'Not installed', 'cloudpickle': '3.1.1', 'deprecation': '2.1.0', 'xxhash': '3.5.0', 'wurlitzer': '3.1.1'}, 'python': {'version': '3.11.13', 'machine': 'x86_64'}}
  warnings.warn(

2026-06-01 08:06:27,255:INFO:Transformation Pipeline and Model Successfully Loaded
2026-06-01 08:06:28,335:INFO:Initializing load_model()
2026-06-01 08:06:28,335:INFO:load_model(model_name=best_automl_ghosting_pipeline, platform=None, authentication=None, verbose=True)
2026-06-01 08:06:28,500:WARNING:C:\Users\Surface Laptop 3\AppData\Local\Programs\Python\Python311\Lib\site-packages\pycaret\internal\pipeline.py:148: UserWarning: Version mismatch:
current: {'deps_info': {'pip': '24.0', 'setuptools': '65.5.0', 'pycaret': '3.3.2', 'IPython': '9.14.0', 'ipywidgets': '8.1.8', 'tqdm': '4.67.3', 'numpy': '1.26.4', 'pandas': '2.1.4', 'jinja2': '3.1.6', 'scipy': '1.11.4', 'joblib': '1.3.2', 'sklearn': '1.4.2', 'pyod': '3.4.0', 'imblearn': '0.14.1', 'category_encoders': '2.7.0', 'lightgbm': '4.6.0', 'numba': '0.65.1', 'requests': '2.34.2', 'matplotlib': '3.7.5', 'scikitplot': '0.3.7', 'yellowbrick': '1.5', 'plotly': '6.7.0', 'plotly-resampler': 'Not installed', 'kaleido': '1.3.0', 'schemdraw': '0.15', 'statsmodels': '0.14.6', 'sktime': '0.26.0', 'tbats': '1.1.3', 'pmdarima': '2.0.4', 'psutil': '7.2.2', 'markupsafe': '3.0.3', 'pickle5': 'Not installed', 'cloudpickle': '3.1.2', 'deprecation': '2.1.0', 'xxhash': '3.7.0', 'wurlitzer': 'Not installed'}, 'python': {'version': '3.11.9', 'machine': 'AMD64'}}
pickle: {'deps_info': {'pip': '24.1.2', 'setuptools': '75.2.0', 'pycaret': '3.3.2', 'IPython': '7.34.0', 'ipywidgets': '7.7.1', 'tqdm': '4.67.1', 'numpy': '1.26.4', 'pandas': '2.1.4', 'jinja2': '3.1.6', 'scipy': '1.11.4', 'joblib': '1.3.2', 'sklearn': '1.2.2', 'pyod': '3.4.0', 'imblearn': '0.14.1', 'category_encoders': '2.7.0', 'lightgbm': '4.5.0', 'numba': '0.60.0', 'requests': '2.32.3', 'matplotlib': '3.7.5', 'scikitplot': '0.3.7', 'yellowbrick': '1.5', 'plotly': '5.24.1', 'plotly-resampler': 'Not installed', 'kaleido': '1.3.0', 'schemdraw': '0.15', 'statsmodels': '0.14.5', 'sktime': '0.26.0', 'tbats': '1.1.3', 'pmdarima': '2.0.4', 'psutil': '5.9.5', 'markupsafe': '2.0.1', 'pickle5': 'Not installed', 'cloudpickle': '3.1.1', 'deprecation': '2.1.0', 'xxhash': '3.5.0', 'wurlitzer': '3.1.1'}, 'python': {'version': '3.11.13', 'machine': 'x86_64'}}
  warnings.warn(

2026-06-01 08:06:28,519:INFO:Transformation Pipeline and Model Successfully Loaded
2026-06-01 08:06:28,553:INFO:Initializing predict_model()
2026-06-01 08:06:28,553:INFO:predict_model(self=<pycaret.classification.oop.ClassificationExperiment object at 0x000002C609F4B450>, estimator=Pipeline(memory=Memory(location=None),
         steps=[('numerical_imputer',
                 TransformerWrapper(include=['PC1', 'PC2', 'PC3', 'PC4', 'PC5',
                                             'PC6', 'PC7', 'PC8', 'PC9', 'PC10',
                                             'PC11', 'PC12', 'PC13'],
                                    transformer=SimpleImputer())),
                ('categorical_imputer',
                 TransformerWrapper(include=[],
                                    transformer=SimpleImputer(strategy='most_frequent'))),
                ('balance',
                 TransformerWrapper(transformer=FixImbalancer(estimator=RandomUnderSampler(random_state=42)))),
                ('actual_estimator',
                 RandomForestClassifier(n_jobs=-1, random_state=42))]), probability_threshold=None, encoded_labels=False, raw_score=False, round=4, verbose=True, ml_usecase=None, preprocess=True, encode_labels=<function _SupervisedExperiment.predict_model.<locals>.encode_labels at 0x000002C6662D6AC0>)
2026-06-01 08:06:28,554:INFO:Checking exceptions
2026-06-01 08:06:28,554:INFO:Preloading libraries
2026-06-01 08:06:28,554:INFO:Set up data.
2026-06-01 08:06:28,561:INFO:Set up index.
2026-06-01 08:06:56,911:INFO:Initializing load_model()
2026-06-01 08:06:56,912:INFO:load_model(model_name=best_automl_ghosting_pipeline, platform=None, authentication=None, verbose=True)
2026-06-01 08:06:57,090:WARNING:C:\Users\Surface Laptop 3\AppData\Local\Programs\Python\Python311\Lib\site-packages\pycaret\internal\pipeline.py:148: UserWarning: Version mismatch:
current: {'deps_info': {'pip': '24.0', 'setuptools': '65.5.0', 'pycaret': '3.3.2', 'IPython': '9.14.0', 'ipywidgets': '8.1.8', 'tqdm': '4.67.3', 'numpy': '1.26.4', 'pandas': '2.1.4', 'jinja2': '3.1.6', 'scipy': '1.11.4', 'joblib': '1.3.2', 'sklearn': '1.4.2', 'pyod': '3.4.0', 'imblearn': '0.14.1', 'category_encoders': '2.7.0', 'lightgbm': '4.6.0', 'numba': '0.65.1', 'requests': '2.34.2', 'matplotlib': '3.7.5', 'scikitplot': '0.3.7', 'yellowbrick': '1.5', 'plotly': '6.7.0', 'plotly-resampler': 'Not installed', 'kaleido': '1.3.0', 'schemdraw': '0.15', 'statsmodels': '0.14.6', 'sktime': '0.26.0', 'tbats': '1.1.3', 'pmdarima': '2.0.4', 'psutil': '7.2.2', 'markupsafe': '3.0.3', 'pickle5': 'Not installed', 'cloudpickle': '3.1.2', 'deprecation': '2.1.0', 'xxhash': '3.7.0', 'wurlitzer': 'Not installed'}, 'python': {'version': '3.11.9', 'machine': 'AMD64'}}
pickle: {'deps_info': {'pip': '24.1.2', 'setuptools': '75.2.0', 'pycaret': '3.3.2', 'IPython': '7.34.0', 'ipywidgets': '7.7.1', 'tqdm': '4.67.1', 'numpy': '1.26.4', 'pandas': '2.1.4', 'jinja2': '3.1.6', 'scipy': '1.11.4', 'joblib': '1.3.2', 'sklearn': '1.2.2', 'pyod': '3.4.0', 'imblearn': '0.14.1', 'category_encoders': '2.7.0', 'lightgbm': '4.5.0', 'numba': '0.60.0', 'requests': '2.32.3', 'matplotlib': '3.7.5', 'scikitplot': '0.3.7', 'yellowbrick': '1.5', 'plotly': '5.24.1', 'plotly-resampler': 'Not installed', 'kaleido': '1.3.0', 'schemdraw': '0.15', 'statsmodels': '0.14.5', 'sktime': '0.26.0', 'tbats': '1.1.3', 'pmdarima': '2.0.4', 'psutil': '5.9.5', 'markupsafe': '2.0.1', 'pickle5': 'Not installed', 'cloudpickle': '3.1.1', 'deprecation': '2.1.0', 'xxhash': '3.5.0', 'wurlitzer': '3.1.1'}, 'python': {'version': '3.11.13', 'machine': 'x86_64'}}
  warnings.warn(

2026-06-01 08:06:57,101:INFO:Transformation Pipeline and Model Successfully Loaded
2026-06-01 08:07:00,911:INFO:Initializing load_model()
2026-06-01 08:07:00,911:INFO:load_model(model_name=best_automl_ghosting_pipeline, platform=None, authentication=None, verbose=True)
2026-06-01 08:07:01,113:WARNING:C:\Users\Surface Laptop 3\AppData\Local\Programs\Python\Python311\Lib\site-packages\pycaret\internal\pipeline.py:148: UserWarning: Version mismatch:
current: {'deps_info': {'pip': '24.0', 'setuptools': '65.5.0', 'pycaret': '3.3.2', 'IPython': '9.14.0', 'ipywidgets': '8.1.8', 'tqdm': '4.67.3', 'numpy': '1.26.4', 'pandas': '2.1.4', 'jinja2': '3.1.6', 'scipy': '1.11.4', 'joblib': '1.3.2', 'sklearn': '1.4.2', 'pyod': '3.4.0', 'imblearn': '0.14.1', 'category_encoders': '2.7.0', 'lightgbm': '4.6.0', 'numba': '0.65.1', 'requests': '2.34.2', 'matplotlib': '3.7.5', 'scikitplot': '0.3.7', 'yellowbrick': '1.5', 'plotly': '6.7.0', 'plotly-resampler': 'Not installed', 'kaleido': '1.3.0', 'schemdraw': '0.15', 'statsmodels': '0.14.6', 'sktime': '0.26.0', 'tbats': '1.1.3', 'pmdarima': '2.0.4', 'psutil': '7.2.2', 'markupsafe': '3.0.3', 'pickle5': 'Not installed', 'cloudpickle': '3.1.2', 'deprecation': '2.1.0', 'xxhash': '3.7.0', 'wurlitzer': 'Not installed'}, 'python': {'version': '3.11.9', 'machine': 'AMD64'}}
pickle: {'deps_info': {'pip': '24.1.2', 'setuptools': '75.2.0', 'pycaret': '3.3.2', 'IPython': '7.34.0', 'ipywidgets': '7.7.1', 'tqdm': '4.67.1', 'numpy': '1.26.4', 'pandas': '2.1.4', 'jinja2': '3.1.6', 'scipy': '1.11.4', 'joblib': '1.3.2', 'sklearn': '1.2.2', 'pyod': '3.4.0', 'imblearn': '0.14.1', 'category_encoders': '2.7.0', 'lightgbm': '4.5.0', 'numba': '0.60.0', 'requests': '2.32.3', 'matplotlib': '3.7.5', 'scikitplot': '0.3.7', 'yellowbrick': '1.5', 'plotly': '5.24.1', 'plotly-resampler': 'Not installed', 'kaleido': '1.3.0', 'schemdraw': '0.15', 'statsmodels': '0.14.5', 'sktime': '0.26.0', 'tbats': '1.1.3', 'pmdarima': '2.0.4', 'psutil': '5.9.5', 'markupsafe': '2.0.1', 'pickle5': 'Not installed', 'cloudpickle': '3.1.1', 'deprecation': '2.1.0', 'xxhash': '3.5.0', 'wurlitzer': '3.1.1'}, 'python': {'version': '3.11.13', 'machine': 'x86_64'}}
  warnings.warn(

2026-06-01 08:07:01,129:INFO:Transformation Pipeline and Model Successfully Loaded
2026-06-01 08:08:03,563:WARNING:
'cuml' is a soft dependency and not included in the pycaret installation. Please run: `pip install cuml` to install.
2026-06-01 08:08:03,563:WARNING:
'cuml' is a soft dependency and not included in the pycaret installation. Please run: `pip install cuml` to install.
2026-06-01 08:08:03,563:WARNING:
'cuml' is a soft dependency and not included in the pycaret installation. Please run: `pip install cuml` to install.
2026-06-01 08:08:03,563:WARNING:
'cuml' is a soft dependency and not included in the pycaret installation. Please run: `pip install cuml` to install.
2026-06-01 08:09:21,286:INFO:Initializing load_model()
2026-06-01 08:09:21,286:INFO:load_model(model_name=best_automl_ghosting_pipeline, platform=None, authentication=None, verbose=True)
2026-06-01 08:09:21,538:WARNING:C:\Users\Surface Laptop 3\AppData\Local\Programs\Python\Python311\Lib\site-packages\pycaret\internal\pipeline.py:148: UserWarning: Version mismatch:
current: {'deps_info': {'pip': '24.0', 'setuptools': '65.5.0', 'pycaret': '3.3.2', 'IPython': '9.14.0', 'ipywidgets': '8.1.8', 'tqdm': '4.67.3', 'numpy': '1.26.4', 'pandas': '2.1.4', 'jinja2': '3.1.6', 'scipy': '1.11.4', 'joblib': '1.3.2', 'sklearn': '1.4.2', 'pyod': '3.4.0', 'imblearn': '0.14.1', 'category_encoders': '2.7.0', 'lightgbm': '4.6.0', 'numba': '0.65.1', 'requests': '2.34.2', 'matplotlib': '3.7.5', 'scikitplot': '0.3.7', 'yellowbrick': '1.5', 'plotly': '6.7.0', 'plotly-resampler': 'Not installed', 'kaleido': '1.3.0', 'schemdraw': '0.15', 'statsmodels': '0.14.6', 'sktime': '0.26.0', 'tbats': '1.1.3', 'pmdarima': '2.0.4', 'psutil': '7.2.2', 'markupsafe': '3.0.3', 'pickle5': 'Not installed', 'cloudpickle': '3.1.2', 'deprecation': '2.1.0', 'xxhash': '3.7.0', 'wurlitzer': 'Not installed'}, 'python': {'version': '3.11.9', 'machine': 'AMD64'}}
pickle: {'deps_info': {'pip': '24.1.2', 'setuptools': '75.2.0', 'pycaret': '3.3.2', 'IPython': '7.34.0', 'ipywidgets': '7.7.1', 'tqdm': '4.67.1', 'numpy': '1.26.4', 'pandas': '2.1.4', 'jinja2': '3.1.6', 'scipy': '1.11.4', 'joblib': '1.3.2', 'sklearn': '1.2.2', 'pyod': '3.4.0', 'imblearn': '0.14.1', 'category_encoders': '2.7.0', 'lightgbm': '4.5.0', 'numba': '0.60.0', 'requests': '2.32.3', 'matplotlib': '3.7.5', 'scikitplot': '0.3.7', 'yellowbrick': '1.5', 'plotly': '5.24.1', 'plotly-resampler': 'Not installed', 'kaleido': '1.3.0', 'schemdraw': '0.15', 'statsmodels': '0.14.5', 'sktime': '0.26.0', 'tbats': '1.1.3', 'pmdarima': '2.0.4', 'psutil': '5.9.5', 'markupsafe': '2.0.1', 'pickle5': 'Not installed', 'cloudpickle': '3.1.1', 'deprecation': '2.1.0', 'xxhash': '3.5.0', 'wurlitzer': '3.1.1'}, 'python': {'version': '3.11.13', 'machine': 'x86_64'}}
  warnings.warn(

2026-06-01 08:11:40,357:INFO:Initializing load_model()
2026-06-01 08:11:40,357:INFO:load_model(model_name=best_automl_ghosting_pipeline, platform=None, authentication=None, verbose=True)
2026-06-01 08:11:40,488:WARNING:C:\Users\Surface Laptop 3\AppData\Local\Programs\Python\Python311\Lib\site-packages\pycaret\internal\pipeline.py:148: UserWarning: Version mismatch:
current: {'deps_info': {'pip': '24.0', 'setuptools': '65.5.0', 'pycaret': '3.3.2', 'IPython': '9.14.0', 'ipywidgets': '8.1.8', 'tqdm': '4.67.3', 'numpy': '1.26.4', 'pandas': '2.1.4', 'jinja2': '3.1.6', 'scipy': '1.11.4', 'joblib': '1.3.2', 'sklearn': '1.4.2', 'pyod': '3.4.0', 'imblearn': '0.14.1', 'category_encoders': '2.7.0', 'lightgbm': '4.6.0', 'numba': '0.65.1', 'requests': '2.34.2', 'matplotlib': '3.7.5', 'scikitplot': '0.3.7', 'yellowbrick': '1.5', 'plotly': '6.7.0', 'plotly-resampler': 'Not installed', 'kaleido': '1.3.0', 'schemdraw': '0.15', 'statsmodels': '0.14.6', 'sktime': '0.26.0', 'tbats': '1.1.3', 'pmdarima': '2.0.4', 'psutil': '7.2.2', 'markupsafe': '3.0.3', 'pickle5': 'Not installed', 'cloudpickle': '3.1.2', 'deprecation': '2.1.0', 'xxhash': '3.7.0', 'wurlitzer': 'Not installed'}, 'python': {'version': '3.11.9', 'machine': 'AMD64'}}
pickle: {'deps_info': {'pip': '24.1.2', 'setuptools': '75.2.0', 'pycaret': '3.3.2', 'IPython': '7.34.0', 'ipywidgets': '7.7.1', 'tqdm': '4.67.1', 'numpy': '1.26.4', 'pandas': '2.1.4', 'jinja2': '3.1.6', 'scipy': '1.11.4', 'joblib': '1.3.2', 'sklearn': '1.2.2', 'pyod': '3.4.0', 'imblearn': '0.14.1', 'category_encoders': '2.7.0', 'lightgbm': '4.5.0', 'numba': '0.60.0', 'requests': '2.32.3', 'matplotlib': '3.7.5', 'scikitplot': '0.3.7', 'yellowbrick': '1.5', 'plotly': '5.24.1', 'plotly-resampler': 'Not installed', 'kaleido': '1.3.0', 'schemdraw': '0.15', 'statsmodels': '0.14.5', 'sktime': '0.26.0', 'tbats': '1.1.3', 'pmdarima': '2.0.4', 'psutil': '5.9.5', 'markupsafe': '2.0.1', 'pickle5': 'Not installed', 'cloudpickle': '3.1.1', 'deprecation': '2.1.0', 'xxhash': '3.5.0', 'wurlitzer': '3.1.1'}, 'python': {'version': '3.11.13', 'machine': 'x86_64'}}
  warnings.warn(

2026-06-01 08:11:40,509:INFO:Transformation Pipeline and Model Successfully Loaded
2026-06-01 08:11:42,179:INFO:Initializing load_model()
2026-06-01 08:11:42,180:INFO:load_model(model_name=best_automl_ghosting_pipeline, platform=None, authentication=None, verbose=True)
2026-06-01 08:11:42,312:WARNING:C:\Users\Surface Laptop 3\AppData\Local\Programs\Python\Python311\Lib\site-packages\pycaret\internal\pipeline.py:148: UserWarning: Version mismatch:
current: {'deps_info': {'pip': '24.0', 'setuptools': '65.5.0', 'pycaret': '3.3.2', 'IPython': '9.14.0', 'ipywidgets': '8.1.8', 'tqdm': '4.67.3', 'numpy': '1.26.4', 'pandas': '2.1.4', 'jinja2': '3.1.6', 'scipy': '1.11.4', 'joblib': '1.3.2', 'sklearn': '1.4.2', 'pyod': '3.4.0', 'imblearn': '0.14.1', 'category_encoders': '2.7.0', 'lightgbm': '4.6.0', 'numba': '0.65.1', 'requests': '2.34.2', 'matplotlib': '3.7.5', 'scikitplot': '0.3.7', 'yellowbrick': '1.5', 'plotly': '6.7.0', 'plotly-resampler': 'Not installed', 'kaleido': '1.3.0', 'schemdraw': '0.15', 'statsmodels': '0.14.6', 'sktime': '0.26.0', 'tbats': '1.1.3', 'pmdarima': '2.0.4', 'psutil': '7.2.2', 'markupsafe': '3.0.3', 'pickle5': 'Not installed', 'cloudpickle': '3.1.2', 'deprecation': '2.1.0', 'xxhash': '3.7.0', 'wurlitzer': 'Not installed'}, 'python': {'version': '3.11.9', 'machine': 'AMD64'}}
pickle: {'deps_info': {'pip': '24.1.2', 'setuptools': '75.2.0', 'pycaret': '3.3.2', 'IPython': '7.34.0', 'ipywidgets': '7.7.1', 'tqdm': '4.67.1', 'numpy': '1.26.4', 'pandas': '2.1.4', 'jinja2': '3.1.6', 'scipy': '1.11.4', 'joblib': '1.3.2', 'sklearn': '1.2.2', 'pyod': '3.4.0', 'imblearn': '0.14.1', 'category_encoders': '2.7.0', 'lightgbm': '4.5.0', 'numba': '0.60.0', 'requests': '2.32.3', 'matplotlib': '3.7.5', 'scikitplot': '0.3.7', 'yellowbrick': '1.5', 'plotly': '5.24.1', 'plotly-resampler': 'Not installed', 'kaleido': '1.3.0', 'schemdraw': '0.15', 'statsmodels': '0.14.5', 'sktime': '0.26.0', 'tbats': '1.1.3', 'pmdarima': '2.0.4', 'psutil': '5.9.5', 'markupsafe': '2.0.1', 'pickle5': 'Not installed', 'cloudpickle': '3.1.1', 'deprecation': '2.1.0', 'xxhash': '3.5.0', 'wurlitzer': '3.1.1'}, 'python': {'version': '3.11.13', 'machine': 'x86_64'}}
  warnings.warn(

2026-06-01 08:11:42,319:INFO:Transformation Pipeline and Model Successfully Loaded
2026-06-01 08:11:43,703:INFO:Initializing load_model()
2026-06-01 08:11:43,703:INFO:load_model(model_name=best_automl_ghosting_pipeline, platform=None, authentication=None, verbose=True)
2026-06-01 08:11:43,836:WARNING:C:\Users\Surface Laptop 3\AppData\Local\Programs\Python\Python311\Lib\site-packages\pycaret\internal\pipeline.py:148: UserWarning: Version mismatch:
current: {'deps_info': {'pip': '24.0', 'setuptools': '65.5.0', 'pycaret': '3.3.2', 'IPython': '9.14.0', 'ipywidgets': '8.1.8', 'tqdm': '4.67.3', 'numpy': '1.26.4', 'pandas': '2.1.4', 'jinja2': '3.1.6', 'scipy': '1.11.4', 'joblib': '1.3.2', 'sklearn': '1.4.2', 'pyod': '3.4.0', 'imblearn': '0.14.1', 'category_encoders': '2.7.0', 'lightgbm': '4.6.0', 'numba': '0.65.1', 'requests': '2.34.2', 'matplotlib': '3.7.5', 'scikitplot': '0.3.7', 'yellowbrick': '1.5', 'plotly': '6.7.0', 'plotly-resampler': 'Not installed', 'kaleido': '1.3.0', 'schemdraw': '0.15', 'statsmodels': '0.14.6', 'sktime': '0.26.0', 'tbats': '1.1.3', 'pmdarima': '2.0.4', 'psutil': '7.2.2', 'markupsafe': '3.0.3', 'pickle5': 'Not installed', 'cloudpickle': '3.1.2', 'deprecation': '2.1.0', 'xxhash': '3.7.0', 'wurlitzer': 'Not installed'}, 'python': {'version': '3.11.9', 'machine': 'AMD64'}}
pickle: {'deps_info': {'pip': '24.1.2', 'setuptools': '75.2.0', 'pycaret': '3.3.2', 'IPython': '7.34.0', 'ipywidgets': '7.7.1', 'tqdm': '4.67.1', 'numpy': '1.26.4', 'pandas': '2.1.4', 'jinja2': '3.1.6', 'scipy': '1.11.4', 'joblib': '1.3.2', 'sklearn': '1.2.2', 'pyod': '3.4.0', 'imblearn': '0.14.1', 'category_encoders': '2.7.0', 'lightgbm': '4.5.0', 'numba': '0.60.0', 'requests': '2.32.3', 'matplotlib': '3.7.5', 'scikitplot': '0.3.7', 'yellowbrick': '1.5', 'plotly': '5.24.1', 'plotly-resampler': 'Not installed', 'kaleido': '1.3.0', 'schemdraw': '0.15', 'statsmodels': '0.14.5', 'sktime': '0.26.0', 'tbats': '1.1.3', 'pmdarima': '2.0.4', 'psutil': '5.9.5', 'markupsafe': '2.0.1', 'pickle5': 'Not installed', 'cloudpickle': '3.1.1', 'deprecation': '2.1.0', 'xxhash': '3.5.0', 'wurlitzer': '3.1.1'}, 'python': {'version': '3.11.13', 'machine': 'x86_64'}}
  warnings.warn(

2026-06-01 08:11:43,852:INFO:Transformation Pipeline and Model Successfully Loaded
2026-06-01 08:11:43,868:INFO:Initializing predict_model()
2026-06-01 08:11:43,868:INFO:predict_model(self=<pycaret.classification.oop.ClassificationExperiment object at 0x000002C60C581450>, estimator=Pipeline(memory=Memory(location=None),
         steps=[('numerical_imputer',
                 TransformerWrapper(include=['PC1', 'PC2', 'PC3', 'PC4', 'PC5',
                                             'PC6', 'PC7', 'PC8', 'PC9', 'PC10',
                                             'PC11', 'PC12', 'PC13'],
                                    transformer=SimpleImputer())),
                ('categorical_imputer',
                 TransformerWrapper(include=[],
                                    transformer=SimpleImputer(strategy='most_frequent'))),
                ('balance',
                 TransformerWrapper(transformer=FixImbalancer(estimator=RandomUnderSampler(random_state=42)))),
                ('actual_estimator',
                 RandomForestClassifier(n_jobs=-1, random_state=42))]), probability_threshold=None, encoded_labels=False, raw_score=False, round=4, verbose=True, ml_usecase=None, preprocess=True, encode_labels=<function _SupervisedExperiment.predict_model.<locals>.encode_labels at 0x000002C60A7AD3A0>)
2026-06-01 08:11:43,868:INFO:Checking exceptions
2026-06-01 08:11:43,868:INFO:Preloading libraries
2026-06-01 08:11:43,868:INFO:Set up data.
2026-06-01 08:11:43,873:INFO:Set up index.
2026-06-01 08:11:46,052:INFO:Initializing load_model()
2026-06-01 08:11:46,053:INFO:load_model(model_name=best_automl_ghosting_pipeline, platform=None, authentication=None, verbose=True)
2026-06-01 08:11:46,188:WARNING:C:\Users\Surface Laptop 3\AppData\Local\Programs\Python\Python311\Lib\site-packages\pycaret\internal\pipeline.py:148: UserWarning: Version mismatch:
current: {'deps_info': {'pip': '24.0', 'setuptools': '65.5.0', 'pycaret': '3.3.2', 'IPython': '9.14.0', 'ipywidgets': '8.1.8', 'tqdm': '4.67.3', 'numpy': '1.26.4', 'pandas': '2.1.4', 'jinja2': '3.1.6', 'scipy': '1.11.4', 'joblib': '1.3.2', 'sklearn': '1.4.2', 'pyod': '3.4.0', 'imblearn': '0.14.1', 'category_encoders': '2.7.0', 'lightgbm': '4.6.0', 'numba': '0.65.1', 'requests': '2.34.2', 'matplotlib': '3.7.5', 'scikitplot': '0.3.7', 'yellowbrick': '1.5', 'plotly': '6.7.0', 'plotly-resampler': 'Not installed', 'kaleido': '1.3.0', 'schemdraw': '0.15', 'statsmodels': '0.14.6', 'sktime': '0.26.0', 'tbats': '1.1.3', 'pmdarima': '2.0.4', 'psutil': '7.2.2', 'markupsafe': '3.0.3', 'pickle5': 'Not installed', 'cloudpickle': '3.1.2', 'deprecation': '2.1.0', 'xxhash': '3.7.0', 'wurlitzer': 'Not installed'}, 'python': {'version': '3.11.9', 'machine': 'AMD64'}}
pickle: {'deps_info': {'pip': '24.1.2', 'setuptools': '75.2.0', 'pycaret': '3.3.2', 'IPython': '7.34.0', 'ipywidgets': '7.7.1', 'tqdm': '4.67.1', 'numpy': '1.26.4', 'pandas': '2.1.4', 'jinja2': '3.1.6', 'scipy': '1.11.4', 'joblib': '1.3.2', 'sklearn': '1.2.2', 'pyod': '3.4.0', 'imblearn': '0.14.1', 'category_encoders': '2.7.0', 'lightgbm': '4.5.0', 'numba': '0.60.0', 'requests': '2.32.3', 'matplotlib': '3.7.5', 'scikitplot': '0.3.7', 'yellowbrick': '1.5', 'plotly': '5.24.1', 'plotly-resampler': 'Not installed', 'kaleido': '1.3.0', 'schemdraw': '0.15', 'statsmodels': '0.14.5', 'sktime': '0.26.0', 'tbats': '1.1.3', 'pmdarima': '2.0.4', 'psutil': '5.9.5', 'markupsafe': '2.0.1', 'pickle5': 'Not installed', 'cloudpickle': '3.1.1', 'deprecation': '2.1.0', 'xxhash': '3.5.0', 'wurlitzer': '3.1.1'}, 'python': {'version': '3.11.13', 'machine': 'x86_64'}}
  warnings.warn(

2026-06-01 08:11:46,204:INFO:Transformation Pipeline and Model Successfully Loaded
2026-06-01 08:11:46,222:INFO:Initializing predict_model()
2026-06-01 08:11:46,222:INFO:predict_model(self=<pycaret.classification.oop.ClassificationExperiment object at 0x000002C60B114350>, estimator=Pipeline(memory=Memory(location=None),
         steps=[('numerical_imputer',
                 TransformerWrapper(include=['PC1', 'PC2', 'PC3', 'PC4', 'PC5',
                                             'PC6', 'PC7', 'PC8', 'PC9', 'PC10',
                                             'PC11', 'PC12', 'PC13'],
                                    transformer=SimpleImputer())),
                ('categorical_imputer',
                 TransformerWrapper(include=[],
                                    transformer=SimpleImputer(strategy='most_frequent'))),
                ('balance',
                 TransformerWrapper(transformer=FixImbalancer(estimator=RandomUnderSampler(random_state=42)))),
                ('actual_estimator',
                 RandomForestClassifier(n_jobs=-1, random_state=42))]), probability_threshold=None, encoded_labels=False, raw_score=False, round=4, verbose=True, ml_usecase=None, preprocess=True, encode_labels=<function _SupervisedExperiment.predict_model.<locals>.encode_labels at 0x000002C6662D6DE0>)
2026-06-01 08:11:46,222:INFO:Checking exceptions
2026-06-01 08:11:46,222:INFO:Preloading libraries
2026-06-01 08:11:46,222:INFO:Set up data.
2026-06-01 08:11:46,241:INFO:Set up index.
2026-06-01 08:11:47,583:INFO:Initializing load_model()
2026-06-01 08:11:47,585:INFO:load_model(model_name=best_automl_ghosting_pipeline, platform=None, authentication=None, verbose=True)
2026-06-01 08:11:47,773:WARNING:C:\Users\Surface Laptop 3\AppData\Local\Programs\Python\Python311\Lib\site-packages\pycaret\internal\pipeline.py:148: UserWarning: Version mismatch:
current: {'deps_info': {'pip': '24.0', 'setuptools': '65.5.0', 'pycaret': '3.3.2', 'IPython': '9.14.0', 'ipywidgets': '8.1.8', 'tqdm': '4.67.3', 'numpy': '1.26.4', 'pandas': '2.1.4', 'jinja2': '3.1.6', 'scipy': '1.11.4', 'joblib': '1.3.2', 'sklearn': '1.4.2', 'pyod': '3.4.0', 'imblearn': '0.14.1', 'category_encoders': '2.7.0', 'lightgbm': '4.6.0', 'numba': '0.65.1', 'requests': '2.34.2', 'matplotlib': '3.7.5', 'scikitplot': '0.3.7', 'yellowbrick': '1.5', 'plotly': '6.7.0', 'plotly-resampler': 'Not installed', 'kaleido': '1.3.0', 'schemdraw': '0.15', 'statsmodels': '0.14.6', 'sktime': '0.26.0', 'tbats': '1.1.3', 'pmdarima': '2.0.4', 'psutil': '7.2.2', 'markupsafe': '3.0.3', 'pickle5': 'Not installed', 'cloudpickle': '3.1.2', 'deprecation': '2.1.0', 'xxhash': '3.7.0', 'wurlitzer': 'Not installed'}, 'python': {'version': '3.11.9', 'machine': 'AMD64'}}
pickle: {'deps_info': {'pip': '24.1.2', 'setuptools': '75.2.0', 'pycaret': '3.3.2', 'IPython': '7.34.0', 'ipywidgets': '7.7.1', 'tqdm': '4.67.1', 'numpy': '1.26.4', 'pandas': '2.1.4', 'jinja2': '3.1.6', 'scipy': '1.11.4', 'joblib': '1.3.2', 'sklearn': '1.2.2', 'pyod': '3.4.0', 'imblearn': '0.14.1', 'category_encoders': '2.7.0', 'lightgbm': '4.5.0', 'numba': '0.60.0', 'requests': '2.32.3', 'matplotlib': '3.7.5', 'scikitplot': '0.3.7', 'yellowbrick': '1.5', 'plotly': '5.24.1', 'plotly-resampler': 'Not installed', 'kaleido': '1.3.0', 'schemdraw': '0.15', 'statsmodels': '0.14.5', 'sktime': '0.26.0', 'tbats': '1.1.3', 'pmdarima': '2.0.4', 'psutil': '5.9.5', 'markupsafe': '2.0.1', 'pickle5': 'Not installed', 'cloudpickle': '3.1.1', 'deprecation': '2.1.0', 'xxhash': '3.5.0', 'wurlitzer': '3.1.1'}, 'python': {'version': '3.11.13', 'machine': 'x86_64'}}
  warnings.warn(

2026-06-01 08:11:47,794:INFO:Transformation Pipeline and Model Successfully Loaded
2026-06-01 08:11:47,835:INFO:Initializing predict_model()
2026-06-01 08:11:47,835:INFO:predict_model(self=<pycaret.classification.oop.ClassificationExperiment object at 0x000002C665CBA090>, estimator=Pipeline(memory=Memory(location=None),
         steps=[('numerical_imputer',
                 TransformerWrapper(include=['PC1', 'PC2', 'PC3', 'PC4', 'PC5',
                                             'PC6', 'PC7', 'PC8', 'PC9', 'PC10',
                                             'PC11', 'PC12', 'PC13'],
                                    transformer=SimpleImputer())),
                ('categorical_imputer',
                 TransformerWrapper(include=[],
                                    transformer=SimpleImputer(strategy='most_frequent'))),
                ('balance',
                 TransformerWrapper(transformer=FixImbalancer(estimator=RandomUnderSampler(random_state=42)))),
                ('actual_estimator',
                 RandomForestClassifier(n_jobs=-1, random_state=42))]), probability_threshold=None, encoded_labels=False, raw_score=False, round=4, verbose=True, ml_usecase=None, preprocess=True, encode_labels=<function _SupervisedExperiment.predict_model.<locals>.encode_labels at 0x000002C60C7BC7C0>)
2026-06-01 08:11:47,836:INFO:Checking exceptions
2026-06-01 08:11:47,836:INFO:Preloading libraries
2026-06-01 08:11:47,836:INFO:Set up data.
2026-06-01 08:11:47,842:INFO:Set up index.
2026-06-01 08:11:50,474:INFO:Initializing load_model()
2026-06-01 08:11:50,475:INFO:load_model(model_name=best_automl_ghosting_pipeline, platform=None, authentication=None, verbose=True)
2026-06-01 08:11:50,620:WARNING:C:\Users\Surface Laptop 3\AppData\Local\Programs\Python\Python311\Lib\site-packages\pycaret\internal\pipeline.py:148: UserWarning: Version mismatch:
current: {'deps_info': {'pip': '24.0', 'setuptools': '65.5.0', 'pycaret': '3.3.2', 'IPython': '9.14.0', 'ipywidgets': '8.1.8', 'tqdm': '4.67.3', 'numpy': '1.26.4', 'pandas': '2.1.4', 'jinja2': '3.1.6', 'scipy': '1.11.4', 'joblib': '1.3.2', 'sklearn': '1.4.2', 'pyod': '3.4.0', 'imblearn': '0.14.1', 'category_encoders': '2.7.0', 'lightgbm': '4.6.0', 'numba': '0.65.1', 'requests': '2.34.2', 'matplotlib': '3.7.5', 'scikitplot': '0.3.7', 'yellowbrick': '1.5', 'plotly': '6.7.0', 'plotly-resampler': 'Not installed', 'kaleido': '1.3.0', 'schemdraw': '0.15', 'statsmodels': '0.14.6', 'sktime': '0.26.0', 'tbats': '1.1.3', 'pmdarima': '2.0.4', 'psutil': '7.2.2', 'markupsafe': '3.0.3', 'pickle5': 'Not installed', 'cloudpickle': '3.1.2', 'deprecation': '2.1.0', 'xxhash': '3.7.0', 'wurlitzer': 'Not installed'}, 'python': {'version': '3.11.9', 'machine': 'AMD64'}}
pickle: {'deps_info': {'pip': '24.1.2', 'setuptools': '75.2.0', 'pycaret': '3.3.2', 'IPython': '7.34.0', 'ipywidgets': '7.7.1', 'tqdm': '4.67.1', 'numpy': '1.26.4', 'pandas': '2.1.4', 'jinja2': '3.1.6', 'scipy': '1.11.4', 'joblib': '1.3.2', 'sklearn': '1.2.2', 'pyod': '3.4.0', 'imblearn': '0.14.1', 'category_encoders': '2.7.0', 'lightgbm': '4.5.0', 'numba': '0.60.0', 'requests': '2.32.3', 'matplotlib': '3.7.5', 'scikitplot': '0.3.7', 'yellowbrick': '1.5', 'plotly': '5.24.1', 'plotly-resampler': 'Not installed', 'kaleido': '1.3.0', 'schemdraw': '0.15', 'statsmodels': '0.14.5', 'sktime': '0.26.0', 'tbats': '1.1.3', 'pmdarima': '2.0.4', 'psutil': '5.9.5', 'markupsafe': '2.0.1', 'pickle5': 'Not installed', 'cloudpickle': '3.1.1', 'deprecation': '2.1.0', 'xxhash': '3.5.0', 'wurlitzer': '3.1.1'}, 'python': {'version': '3.11.13', 'machine': 'x86_64'}}
  warnings.warn(

2026-06-01 08:11:50,646:INFO:Transformation Pipeline and Model Successfully Loaded
2026-06-01 08:11:51,852:INFO:Initializing load_model()
2026-06-01 08:11:51,852:INFO:load_model(model_name=best_automl_ghosting_pipeline, platform=None, authentication=None, verbose=True)
2026-06-01 08:11:52,050:WARNING:C:\Users\Surface Laptop 3\AppData\Local\Programs\Python\Python311\Lib\site-packages\pycaret\internal\pipeline.py:148: UserWarning: Version mismatch:
current: {'deps_info': {'pip': '24.0', 'setuptools': '65.5.0', 'pycaret': '3.3.2', 'IPython': '9.14.0', 'ipywidgets': '8.1.8', 'tqdm': '4.67.3', 'numpy': '1.26.4', 'pandas': '2.1.4', 'jinja2': '3.1.6', 'scipy': '1.11.4', 'joblib': '1.3.2', 'sklearn': '1.4.2', 'pyod': '3.4.0', 'imblearn': '0.14.1', 'category_encoders': '2.7.0', 'lightgbm': '4.6.0', 'numba': '0.65.1', 'requests': '2.34.2', 'matplotlib': '3.7.5', 'scikitplot': '0.3.7', 'yellowbrick': '1.5', 'plotly': '6.7.0', 'plotly-resampler': 'Not installed', 'kaleido': '1.3.0', 'schemdraw': '0.15', 'statsmodels': '0.14.6', 'sktime': '0.26.0', 'tbats': '1.1.3', 'pmdarima': '2.0.4', 'psutil': '7.2.2', 'markupsafe': '3.0.3', 'pickle5': 'Not installed', 'cloudpickle': '3.1.2', 'deprecation': '2.1.0', 'xxhash': '3.7.0', 'wurlitzer': 'Not installed'}, 'python': {'version': '3.11.9', 'machine': 'AMD64'}}
pickle: {'deps_info': {'pip': '24.1.2', 'setuptools': '75.2.0', 'pycaret': '3.3.2', 'IPython': '7.34.0', 'ipywidgets': '7.7.1', 'tqdm': '4.67.1', 'numpy': '1.26.4', 'pandas': '2.1.4', 'jinja2': '3.1.6', 'scipy': '1.11.4', 'joblib': '1.3.2', 'sklearn': '1.2.2', 'pyod': '3.4.0', 'imblearn': '0.14.1', 'category_encoders': '2.7.0', 'lightgbm': '4.5.0', 'numba': '0.60.0', 'requests': '2.32.3', 'matplotlib': '3.7.5', 'scikitplot': '0.3.7', 'yellowbrick': '1.5', 'plotly': '5.24.1', 'plotly-resampler': 'Not installed', 'kaleido': '1.3.0', 'schemdraw': '0.15', 'statsmodels': '0.14.5', 'sktime': '0.26.0', 'tbats': '1.1.3', 'pmdarima': '2.0.4', 'psutil': '5.9.5', 'markupsafe': '2.0.1', 'pickle5': 'Not installed', 'cloudpickle': '3.1.1', 'deprecation': '2.1.0', 'xxhash': '3.5.0', 'wurlitzer': '3.1.1'}, 'python': {'version': '3.11.13', 'machine': 'x86_64'}}
  warnings.warn(

2026-06-01 08:11:52,075:INFO:Transformation Pipeline and Model Successfully Loaded
2026-06-01 08:11:52,120:INFO:Initializing predict_model()
2026-06-01 08:11:52,120:INFO:predict_model(self=<pycaret.classification.oop.ClassificationExperiment object at 0x000002C60A9CD350>, estimator=Pipeline(memory=Memory(location=None),
         steps=[('numerical_imputer',
                 TransformerWrapper(include=['PC1', 'PC2', 'PC3', 'PC4', 'PC5',
                                             'PC6', 'PC7', 'PC8', 'PC9', 'PC10',
                                             'PC11', 'PC12', 'PC13'],
                                    transformer=SimpleImputer())),
                ('categorical_imputer',
                 TransformerWrapper(include=[],
                                    transformer=SimpleImputer(strategy='most_frequent'))),
                ('balance',
                 TransformerWrapper(transformer=FixImbalancer(estimator=RandomUnderSampler(random_state=42)))),
                ('actual_estimator',
                 RandomForestClassifier(n_jobs=-1, random_state=42))]), probability_threshold=None, encoded_labels=False, raw_score=False, round=4, verbose=True, ml_usecase=None, preprocess=True, encode_labels=<function _SupervisedExperiment.predict_model.<locals>.encode_labels at 0x000002C60AC3AD40>)
2026-06-01 08:11:52,120:INFO:Checking exceptions
2026-06-01 08:11:52,121:INFO:Preloading libraries
2026-06-01 08:11:52,121:INFO:Set up data.
2026-06-01 08:11:52,127:INFO:Set up index.
2026-06-01 22:07:47,714:INFO:Initializing load_model()
2026-06-01 22:07:47,717:INFO:load_model(model_name=best_automl_ghosting_pipeline, platform=None, authentication=None, verbose=True)
2026-06-01 22:07:48,075:WARNING:C:\Users\Surface Laptop 3\AppData\Local\Programs\Python\Python311\Lib\site-packages\pycaret\internal\pipeline.py:148: UserWarning: Version mismatch:
current: {'deps_info': {'pip': '24.0', 'setuptools': '65.5.0', 'pycaret': '3.3.2', 'IPython': '9.14.0', 'ipywidgets': '8.1.8', 'tqdm': '4.67.3', 'numpy': '1.26.4', 'pandas': '2.1.4', 'jinja2': '3.1.6', 'scipy': '1.11.4', 'joblib': '1.3.2', 'sklearn': '1.4.2', 'pyod': '3.4.0', 'imblearn': '0.14.1', 'category_encoders': '2.7.0', 'lightgbm': '4.6.0', 'numba': '0.65.1', 'requests': '2.34.2', 'matplotlib': '3.7.5', 'scikitplot': '0.3.7', 'yellowbrick': '1.5', 'plotly': '6.7.0', 'plotly-resampler': 'Not installed', 'kaleido': '1.3.0', 'schemdraw': '0.15', 'statsmodels': '0.14.6', 'sktime': '0.26.0', 'tbats': '1.1.3', 'pmdarima': '2.0.4', 'psutil': '7.2.2', 'markupsafe': '3.0.3', 'pickle5': 'Not installed', 'cloudpickle': '3.1.2', 'deprecation': '2.1.0', 'xxhash': '3.7.0', 'wurlitzer': 'Not installed'}, 'python': {'version': '3.11.9', 'machine': 'AMD64'}}
pickle: {'deps_info': {'pip': '24.1.2', 'setuptools': '75.2.0', 'pycaret': '3.3.2', 'IPython': '7.34.0', 'ipywidgets': '7.7.1', 'tqdm': '4.67.1', 'numpy': '1.26.4', 'pandas': '2.1.4', 'jinja2': '3.1.6', 'scipy': '1.11.4', 'joblib': '1.3.2', 'sklearn': '1.2.2', 'pyod': '3.4.0', 'imblearn': '0.14.1', 'category_encoders': '2.7.0', 'lightgbm': '4.5.0', 'numba': '0.60.0', 'requests': '2.32.3', 'matplotlib': '3.7.5', 'scikitplot': '0.3.7', 'yellowbrick': '1.5', 'plotly': '5.24.1', 'plotly-resampler': 'Not installed', 'kaleido': '1.3.0', 'schemdraw': '0.15', 'statsmodels': '0.14.5', 'sktime': '0.26.0', 'tbats': '1.1.3', 'pmdarima': '2.0.4', 'psutil': '5.9.5', 'markupsafe': '2.0.1', 'pickle5': 'Not installed', 'cloudpickle': '3.1.1', 'deprecation': '2.1.0', 'xxhash': '3.5.0', 'wurlitzer': '3.1.1'}, 'python': {'version': '3.11.13', 'machine': 'x86_64'}}
  warnings.warn(

2026-06-01 22:07:48,109:INFO:Transformation Pipeline and Model Successfully Loaded
2026-06-01 22:07:48,239:INFO:Initializing predict_model()
2026-06-01 22:07:48,239:INFO:predict_model(self=<pycaret.classification.oop.ClassificationExperiment object at 0x000002C60C5B38D0>, estimator=Pipeline(memory=Memory(location=None),
         steps=[('numerical_imputer',
                 TransformerWrapper(include=['PC1', 'PC2', 'PC3', 'PC4', 'PC5',
                                             'PC6', 'PC7', 'PC8', 'PC9', 'PC10',
                                             'PC11', 'PC12', 'PC13'],
                                    transformer=SimpleImputer())),
                ('categorical_imputer',
                 TransformerWrapper(include=[],
                                    transformer=SimpleImputer(strategy='most_frequent'))),
                ('balance',
                 TransformerWrapper(transformer=FixImbalancer(estimator=RandomUnderSampler(random_state=42)))),
                ('actual_estimator',
                 RandomForestClassifier(n_jobs=-1, random_state=42))]), probability_threshold=None, encoded_labels=False, raw_score=False, round=4, verbose=True, ml_usecase=None, preprocess=True, encode_labels=<function _SupervisedExperiment.predict_model.<locals>.encode_labels at 0x000002C65E74FE20>)
2026-06-01 22:07:48,239:INFO:Checking exceptions
2026-06-01 22:07:48,239:INFO:Preloading libraries
2026-06-01 22:07:48,241:INFO:Set up data.
2026-06-01 22:07:48,253:INFO:Set up index.
2026-06-01 22:07:55,268:INFO:Initializing load_model()
2026-06-01 22:07:55,268:INFO:load_model(model_name=best_automl_ghosting_pipeline, platform=None, authentication=None, verbose=True)
2026-06-01 22:07:55,452:INFO:Initializing load_model()
2026-06-01 22:07:55,453:INFO:load_model(model_name=best_automl_ghosting_pipeline, platform=None, authentication=None, verbose=True)
2026-06-01 22:07:56,017:WARNING:C:\Users\Surface Laptop 3\AppData\Local\Programs\Python\Python311\Lib\site-packages\pycaret\internal\pipeline.py:148: UserWarning: Version mismatch:
current: {'deps_info': {'pip': '24.0', 'setuptools': '65.5.0', 'pycaret': '3.3.2', 'IPython': '9.14.0', 'ipywidgets': '8.1.8', 'tqdm': '4.67.3', 'numpy': '1.26.4', 'pandas': '2.1.4', 'jinja2': '3.1.6', 'scipy': '1.11.4', 'joblib': '1.3.2', 'sklearn': '1.4.2', 'pyod': '3.4.0', 'imblearn': '0.14.1', 'category_encoders': '2.7.0', 'lightgbm': '4.6.0', 'numba': '0.65.1', 'requests': '2.34.2', 'matplotlib': '3.7.5', 'scikitplot': '0.3.7', 'yellowbrick': '1.5', 'plotly': '6.7.0', 'plotly-resampler': 'Not installed', 'kaleido': '1.3.0', 'schemdraw': '0.15', 'statsmodels': '0.14.6', 'sktime': '0.26.0', 'tbats': '1.1.3', 'pmdarima': '2.0.4', 'psutil': '7.2.2', 'markupsafe': '3.0.3', 'pickle5': 'Not installed', 'cloudpickle': '3.1.2', 'deprecation': '2.1.0', 'xxhash': '3.7.0', 'wurlitzer': 'Not installed'}, 'python': {'version': '3.11.9', 'machine': 'AMD64'}}
pickle: {'deps_info': {'pip': '24.1.2', 'setuptools': '75.2.0', 'pycaret': '3.3.2', 'IPython': '7.34.0', 'ipywidgets': '7.7.1', 'tqdm': '4.67.1', 'numpy': '1.26.4', 'pandas': '2.1.4', 'jinja2': '3.1.6', 'scipy': '1.11.4', 'joblib': '1.3.2', 'sklearn': '1.2.2', 'pyod': '3.4.0', 'imblearn': '0.14.1', 'category_encoders': '2.7.0', 'lightgbm': '4.5.0', 'numba': '0.60.0', 'requests': '2.32.3', 'matplotlib': '3.7.5', 'scikitplot': '0.3.7', 'yellowbrick': '1.5', 'plotly': '5.24.1', 'plotly-resampler': 'Not installed', 'kaleido': '1.3.0', 'schemdraw': '0.15', 'statsmodels': '0.14.5', 'sktime': '0.26.0', 'tbats': '1.1.3', 'pmdarima': '2.0.4', 'psutil': '5.9.5', 'markupsafe': '2.0.1', 'pickle5': 'Not installed', 'cloudpickle': '3.1.1', 'deprecation': '2.1.0', 'xxhash': '3.5.0', 'wurlitzer': '3.1.1'}, 'python': {'version': '3.11.13', 'machine': 'x86_64'}}
  warnings.warn(

2026-06-01 22:07:56,053:INFO:Transformation Pipeline and Model Successfully Loaded
2026-06-01 22:07:56,088:INFO:Transformation Pipeline and Model Successfully Loaded
2026-06-01 22:07:56,580:INFO:Initializing load_model()
2026-06-01 22:07:56,582:INFO:load_model(model_name=best_automl_ghosting_pipeline, platform=None, authentication=None, verbose=True)
2026-06-01 22:07:56,992:INFO:Transformation Pipeline and Model Successfully Loaded
2026-06-01 22:07:59,126:INFO:Initializing load_model()
2026-06-01 22:07:59,127:INFO:load_model(model_name=best_automl_ghosting_pipeline, platform=None, authentication=None, verbose=True)
2026-06-01 22:07:59,483:WARNING:C:\Users\Surface Laptop 3\AppData\Local\Programs\Python\Python311\Lib\site-packages\pycaret\internal\pipeline.py:148: UserWarning: Version mismatch:
current: {'deps_info': {'pip': '24.0', 'setuptools': '65.5.0', 'pycaret': '3.3.2', 'IPython': '9.14.0', 'ipywidgets': '8.1.8', 'tqdm': '4.67.3', 'numpy': '1.26.4', 'pandas': '2.1.4', 'jinja2': '3.1.6', 'scipy': '1.11.4', 'joblib': '1.3.2', 'sklearn': '1.4.2', 'pyod': '3.4.0', 'imblearn': '0.14.1', 'category_encoders': '2.7.0', 'lightgbm': '4.6.0', 'numba': '0.65.1', 'requests': '2.34.2', 'matplotlib': '3.7.5', 'scikitplot': '0.3.7', 'yellowbrick': '1.5', 'plotly': '6.7.0', 'plotly-resampler': 'Not installed', 'kaleido': '1.3.0', 'schemdraw': '0.15', 'statsmodels': '0.14.6', 'sktime': '0.26.0', 'tbats': '1.1.3', 'pmdarima': '2.0.4', 'psutil': '7.2.2', 'markupsafe': '3.0.3', 'pickle5': 'Not installed', 'cloudpickle': '3.1.2', 'deprecation': '2.1.0', 'xxhash': '3.7.0', 'wurlitzer': 'Not installed'}, 'python': {'version': '3.11.9', 'machine': 'AMD64'}}
pickle: {'deps_info': {'pip': '24.1.2', 'setuptools': '75.2.0', 'pycaret': '3.3.2', 'IPython': '7.34.0', 'ipywidgets': '7.7.1', 'tqdm': '4.67.1', 'numpy': '1.26.4', 'pandas': '2.1.4', 'jinja2': '3.1.6', 'scipy': '1.11.4', 'joblib': '1.3.2', 'sklearn': '1.2.2', 'pyod': '3.4.0', 'imblearn': '0.14.1', 'category_encoders': '2.7.0', 'lightgbm': '4.5.0', 'numba': '0.60.0', 'requests': '2.32.3', 'matplotlib': '3.7.5', 'scikitplot': '0.3.7', 'yellowbrick': '1.5', 'plotly': '5.24.1', 'plotly-resampler': 'Not installed', 'kaleido': '1.3.0', 'schemdraw': '0.15', 'statsmodels': '0.14.5', 'sktime': '0.26.0', 'tbats': '1.1.3', 'pmdarima': '2.0.4', 'psutil': '5.9.5', 'markupsafe': '2.0.1', 'pickle5': 'Not installed', 'cloudpickle': '3.1.1', 'deprecation': '2.1.0', 'xxhash': '3.5.0', 'wurlitzer': '3.1.1'}, 'python': {'version': '3.11.13', 'machine': 'x86_64'}}
  warnings.warn(

2026-06-01 22:07:59,517:INFO:Transformation Pipeline and Model Successfully Loaded
2026-06-01 22:08:00,297:INFO:Initializing load_model()
2026-06-01 22:08:00,297:INFO:load_model(model_name=best_automl_ghosting_pipeline, platform=None, authentication=None, verbose=True)
2026-06-01 22:08:00,657:WARNING:C:\Users\Surface Laptop 3\AppData\Local\Programs\Python\Python311\Lib\site-packages\pycaret\internal\pipeline.py:148: UserWarning: Version mismatch:
current: {'deps_info': {'pip': '24.0', 'setuptools': '65.5.0', 'pycaret': '3.3.2', 'IPython': '9.14.0', 'ipywidgets': '8.1.8', 'tqdm': '4.67.3', 'numpy': '1.26.4', 'pandas': '2.1.4', 'jinja2': '3.1.6', 'scipy': '1.11.4', 'joblib': '1.3.2', 'sklearn': '1.4.2', 'pyod': '3.4.0', 'imblearn': '0.14.1', 'category_encoders': '2.7.0', 'lightgbm': '4.6.0', 'numba': '0.65.1', 'requests': '2.34.2', 'matplotlib': '3.7.5', 'scikitplot': '0.3.7', 'yellowbrick': '1.5', 'plotly': '6.7.0', 'plotly-resampler': 'Not installed', 'kaleido': '1.3.0', 'schemdraw': '0.15', 'statsmodels': '0.14.6', 'sktime': '0.26.0', 'tbats': '1.1.3', 'pmdarima': '2.0.4', 'psutil': '7.2.2', 'markupsafe': '3.0.3', 'pickle5': 'Not installed', 'cloudpickle': '3.1.2', 'deprecation': '2.1.0', 'xxhash': '3.7.0', 'wurlitzer': 'Not installed'}, 'python': {'version': '3.11.9', 'machine': 'AMD64'}}
pickle: {'deps_info': {'pip': '24.1.2', 'setuptools': '75.2.0', 'pycaret': '3.3.2', 'IPython': '7.34.0', 'ipywidgets': '7.7.1', 'tqdm': '4.67.1', 'numpy': '1.26.4', 'pandas': '2.1.4', 'jinja2': '3.1.6', 'scipy': '1.11.4', 'joblib': '1.3.2', 'sklearn': '1.2.2', 'pyod': '3.4.0', 'imblearn': '0.14.1', 'category_encoders': '2.7.0', 'lightgbm': '4.5.0', 'numba': '0.60.0', 'requests': '2.32.3', 'matplotlib': '3.7.5', 'scikitplot': '0.3.7', 'yellowbrick': '1.5', 'plotly': '5.24.1', 'plotly-resampler': 'Not installed', 'kaleido': '1.3.0', 'schemdraw': '0.15', 'statsmodels': '0.14.5', 'sktime': '0.26.0', 'tbats': '1.1.3', 'pmdarima': '2.0.4', 'psutil': '5.9.5', 'markupsafe': '2.0.1', 'pickle5': 'Not installed', 'cloudpickle': '3.1.1', 'deprecation': '2.1.0', 'xxhash': '3.5.0', 'wurlitzer': '3.1.1'}, 'python': {'version': '3.11.13', 'machine': 'x86_64'}}
  warnings.warn(

2026-06-01 22:08:00,694:INFO:Transformation Pipeline and Model Successfully Loaded
2026-06-01 22:08:01,443:INFO:Initializing load_model()
2026-06-01 22:08:01,451:INFO:load_model(model_name=best_automl_ghosting_pipeline, platform=None, authentication=None, verbose=True)
2026-06-01 22:08:01,805:WARNING:C:\Users\Surface Laptop 3\AppData\Local\Programs\Python\Python311\Lib\site-packages\pycaret\internal\pipeline.py:148: UserWarning: Version mismatch:
current: {'deps_info': {'pip': '24.0', 'setuptools': '65.5.0', 'pycaret': '3.3.2', 'IPython': '9.14.0', 'ipywidgets': '8.1.8', 'tqdm': '4.67.3', 'numpy': '1.26.4', 'pandas': '2.1.4', 'jinja2': '3.1.6', 'scipy': '1.11.4', 'joblib': '1.3.2', 'sklearn': '1.4.2', 'pyod': '3.4.0', 'imblearn': '0.14.1', 'category_encoders': '2.7.0', 'lightgbm': '4.6.0', 'numba': '0.65.1', 'requests': '2.34.2', 'matplotlib': '3.7.5', 'scikitplot': '0.3.7', 'yellowbrick': '1.5', 'plotly': '6.7.0', 'plotly-resampler': 'Not installed', 'kaleido': '1.3.0', 'schemdraw': '0.15', 'statsmodels': '0.14.6', 'sktime': '0.26.0', 'tbats': '1.1.3', 'pmdarima': '2.0.4', 'psutil': '7.2.2', 'markupsafe': '3.0.3', 'pickle5': 'Not installed', 'cloudpickle': '3.1.2', 'deprecation': '2.1.0', 'xxhash': '3.7.0', 'wurlitzer': 'Not installed'}, 'python': {'version': '3.11.9', 'machine': 'AMD64'}}
pickle: {'deps_info': {'pip': '24.1.2', 'setuptools': '75.2.0', 'pycaret': '3.3.2', 'IPython': '7.34.0', 'ipywidgets': '7.7.1', 'tqdm': '4.67.1', 'numpy': '1.26.4', 'pandas': '2.1.4', 'jinja2': '3.1.6', 'scipy': '1.11.4', 'joblib': '1.3.2', 'sklearn': '1.2.2', 'pyod': '3.4.0', 'imblearn': '0.14.1', 'category_encoders': '2.7.0', 'lightgbm': '4.5.0', 'numba': '0.60.0', 'requests': '2.32.3', 'matplotlib': '3.7.5', 'scikitplot': '0.3.7', 'yellowbrick': '1.5', 'plotly': '5.24.1', 'plotly-resampler': 'Not installed', 'kaleido': '1.3.0', 'schemdraw': '0.15', 'statsmodels': '0.14.5', 'sktime': '0.26.0', 'tbats': '1.1.3', 'pmdarima': '2.0.4', 'psutil': '5.9.5', 'markupsafe': '2.0.1', 'pickle5': 'Not installed', 'cloudpickle': '3.1.1', 'deprecation': '2.1.0', 'xxhash': '3.5.0', 'wurlitzer': '3.1.1'}, 'python': {'version': '3.11.13', 'machine': 'x86_64'}}
  warnings.warn(

2026-06-01 22:08:01,839:INFO:Transformation Pipeline and Model Successfully Loaded
2026-06-01 22:08:03,018:INFO:Initializing load_model()
2026-06-01 22:08:03,020:INFO:load_model(model_name=best_automl_ghosting_pipeline, platform=None, authentication=None, verbose=True)
2026-06-01 22:08:03,385:WARNING:C:\Users\Surface Laptop 3\AppData\Local\Programs\Python\Python311\Lib\site-packages\pycaret\internal\pipeline.py:148: UserWarning: Version mismatch:
current: {'deps_info': {'pip': '24.0', 'setuptools': '65.5.0', 'pycaret': '3.3.2', 'IPython': '9.14.0', 'ipywidgets': '8.1.8', 'tqdm': '4.67.3', 'numpy': '1.26.4', 'pandas': '2.1.4', 'jinja2': '3.1.6', 'scipy': '1.11.4', 'joblib': '1.3.2', 'sklearn': '1.4.2', 'pyod': '3.4.0', 'imblearn': '0.14.1', 'category_encoders': '2.7.0', 'lightgbm': '4.6.0', 'numba': '0.65.1', 'requests': '2.34.2', 'matplotlib': '3.7.5', 'scikitplot': '0.3.7', 'yellowbrick': '1.5', 'plotly': '6.7.0', 'plotly-resampler': 'Not installed', 'kaleido': '1.3.0', 'schemdraw': '0.15', 'statsmodels': '0.14.6', 'sktime': '0.26.0', 'tbats': '1.1.3', 'pmdarima': '2.0.4', 'psutil': '7.2.2', 'markupsafe': '3.0.3', 'pickle5': 'Not installed', 'cloudpickle': '3.1.2', 'deprecation': '2.1.0', 'xxhash': '3.7.0', 'wurlitzer': 'Not installed'}, 'python': {'version': '3.11.9', 'machine': 'AMD64'}}
pickle: {'deps_info': {'pip': '24.1.2', 'setuptools': '75.2.0', 'pycaret': '3.3.2', 'IPython': '7.34.0', 'ipywidgets': '7.7.1', 'tqdm': '4.67.1', 'numpy': '1.26.4', 'pandas': '2.1.4', 'jinja2': '3.1.6', 'scipy': '1.11.4', 'joblib': '1.3.2', 'sklearn': '1.2.2', 'pyod': '3.4.0', 'imblearn': '0.14.1', 'category_encoders': '2.7.0', 'lightgbm': '4.5.0', 'numba': '0.60.0', 'requests': '2.32.3', 'matplotlib': '3.7.5', 'scikitplot': '0.3.7', 'yellowbrick': '1.5', 'plotly': '5.24.1', 'plotly-resampler': 'Not installed', 'kaleido': '1.3.0', 'schemdraw': '0.15', 'statsmodels': '0.14.5', 'sktime': '0.26.0', 'tbats': '1.1.3', 'pmdarima': '2.0.4', 'psutil': '5.9.5', 'markupsafe': '2.0.1', 'pickle5': 'Not installed', 'cloudpickle': '3.1.1', 'deprecation': '2.1.0', 'xxhash': '3.5.0', 'wurlitzer': '3.1.1'}, 'python': {'version': '3.11.13', 'machine': 'x86_64'}}
  warnings.warn(

2026-06-01 22:08:03,411:INFO:Transformation Pipeline and Model Successfully Loaded
2026-06-01 22:08:03,479:INFO:Initializing predict_model()
2026-06-01 22:08:03,481:INFO:predict_model(self=<pycaret.classification.oop.ClassificationExperiment object at 0x000002C60A830750>, estimator=Pipeline(memory=Memory(location=None),
         steps=[('numerical_imputer',
                 TransformerWrapper(include=['PC1', 'PC2', 'PC3', 'PC4', 'PC5',
                                             'PC6', 'PC7', 'PC8', 'PC9', 'PC10',
                                             'PC11', 'PC12', 'PC13'],
                                    transformer=SimpleImputer())),
                ('categorical_imputer',
                 TransformerWrapper(include=[],
                                    transformer=SimpleImputer(strategy='most_frequent'))),
                ('balance',
                 TransformerWrapper(transformer=FixImbalancer(estimator=RandomUnderSampler(random_state=42)))),
                ('actual_estimator',
                 RandomForestClassifier(n_jobs=-1, random_state=42))]), probability_threshold=None, encoded_labels=False, raw_score=False, round=4, verbose=True, ml_usecase=None, preprocess=True, encode_labels=<function _SupervisedExperiment.predict_model.<locals>.encode_labels at 0x000002C60C7BC720>)
2026-06-01 22:08:03,481:INFO:Checking exceptions
2026-06-01 22:08:03,481:INFO:Preloading libraries
2026-06-01 22:08:03,481:INFO:Set up data.
2026-06-01 22:08:03,487:INFO:Set up index.
2026-06-01 22:09:44,560:INFO:Initializing load_model()
2026-06-01 22:09:44,560:INFO:load_model(model_name=best_automl_ghosting_pipeline, platform=None, authentication=None, verbose=True)
2026-06-01 22:09:44,922:WARNING:C:\Users\Surface Laptop 3\AppData\Local\Programs\Python\Python311\Lib\site-packages\pycaret\internal\pipeline.py:148: UserWarning: Version mismatch:
current: {'deps_info': {'pip': '24.0', 'setuptools': '65.5.0', 'pycaret': '3.3.2', 'IPython': '9.14.0', 'ipywidgets': '8.1.8', 'tqdm': '4.67.3', 'numpy': '1.26.4', 'pandas': '2.1.4', 'jinja2': '3.1.6', 'scipy': '1.11.4', 'joblib': '1.3.2', 'sklearn': '1.4.2', 'pyod': '3.4.0', 'imblearn': '0.14.1', 'category_encoders': '2.7.0', 'lightgbm': '4.6.0', 'numba': '0.65.1', 'requests': '2.34.2', 'matplotlib': '3.7.5', 'scikitplot': '0.3.7', 'yellowbrick': '1.5', 'plotly': '6.7.0', 'plotly-resampler': 'Not installed', 'kaleido': '1.3.0', 'schemdraw': '0.15', 'statsmodels': '0.14.6', 'sktime': '0.26.0', 'tbats': '1.1.3', 'pmdarima': '2.0.4', 'psutil': '7.2.2', 'markupsafe': '3.0.3', 'pickle5': 'Not installed', 'cloudpickle': '3.1.2', 'deprecation': '2.1.0', 'xxhash': '3.7.0', 'wurlitzer': 'Not installed'}, 'python': {'version': '3.11.9', 'machine': 'AMD64'}}
pickle: {'deps_info': {'pip': '24.1.2', 'setuptools': '75.2.0', 'pycaret': '3.3.2', 'IPython': '7.34.0', 'ipywidgets': '7.7.1', 'tqdm': '4.67.1', 'numpy': '1.26.4', 'pandas': '2.1.4', 'jinja2': '3.1.6', 'scipy': '1.11.4', 'joblib': '1.3.2', 'sklearn': '1.2.2', 'pyod': '3.4.0', 'imblearn': '0.14.1', 'category_encoders': '2.7.0', 'lightgbm': '4.5.0', 'numba': '0.60.0', 'requests': '2.32.3', 'matplotlib': '3.7.5', 'scikitplot': '0.3.7', 'yellowbrick': '1.5', 'plotly': '5.24.1', 'plotly-resampler': 'Not installed', 'kaleido': '1.3.0', 'schemdraw': '0.15', 'statsmodels': '0.14.5', 'sktime': '0.26.0', 'tbats': '1.1.3', 'pmdarima': '2.0.4', 'psutil': '5.9.5', 'markupsafe': '2.0.1', 'pickle5': 'Not installed', 'cloudpickle': '3.1.1', 'deprecation': '2.1.0', 'xxhash': '3.5.0', 'wurlitzer': '3.1.1'}, 'python': {'version': '3.11.13', 'machine': 'x86_64'}}
  warnings.warn(

2026-06-01 22:09:44,954:INFO:Transformation Pipeline and Model Successfully Loaded
2026-06-01 22:09:45,738:INFO:Initializing load_model()
2026-06-01 22:09:45,740:INFO:load_model(model_name=best_automl_ghosting_pipeline, platform=None, authentication=None, verbose=True)
2026-06-01 22:09:46,067:WARNING:C:\Users\Surface Laptop 3\AppData\Local\Programs\Python\Python311\Lib\site-packages\pycaret\internal\pipeline.py:148: UserWarning: Version mismatch:
current: {'deps_info': {'pip': '24.0', 'setuptools': '65.5.0', 'pycaret': '3.3.2', 'IPython': '9.14.0', 'ipywidgets': '8.1.8', 'tqdm': '4.67.3', 'numpy': '1.26.4', 'pandas': '2.1.4', 'jinja2': '3.1.6', 'scipy': '1.11.4', 'joblib': '1.3.2', 'sklearn': '1.4.2', 'pyod': '3.4.0', 'imblearn': '0.14.1', 'category_encoders': '2.7.0', 'lightgbm': '4.6.0', 'numba': '0.65.1', 'requests': '2.34.2', 'matplotlib': '3.7.5', 'scikitplot': '0.3.7', 'yellowbrick': '1.5', 'plotly': '6.7.0', 'plotly-resampler': 'Not installed', 'kaleido': '1.3.0', 'schemdraw': '0.15', 'statsmodels': '0.14.6', 'sktime': '0.26.0', 'tbats': '1.1.3', 'pmdarima': '2.0.4', 'psutil': '7.2.2', 'markupsafe': '3.0.3', 'pickle5': 'Not installed', 'cloudpickle': '3.1.2', 'deprecation': '2.1.0', 'xxhash': '3.7.0', 'wurlitzer': 'Not installed'}, 'python': {'version': '3.11.9', 'machine': 'AMD64'}}
pickle: {'deps_info': {'pip': '24.1.2', 'setuptools': '75.2.0', 'pycaret': '3.3.2', 'IPython': '7.34.0', 'ipywidgets': '7.7.1', 'tqdm': '4.67.1', 'numpy': '1.26.4', 'pandas': '2.1.4', 'jinja2': '3.1.6', 'scipy': '1.11.4', 'joblib': '1.3.2', 'sklearn': '1.2.2', 'pyod': '3.4.0', 'imblearn': '0.14.1', 'category_encoders': '2.7.0', 'lightgbm': '4.5.0', 'numba': '0.60.0', 'requests': '2.32.3', 'matplotlib': '3.7.5', 'scikitplot': '0.3.7', 'yellowbrick': '1.5', 'plotly': '5.24.1', 'plotly-resampler': 'Not installed', 'kaleido': '1.3.0', 'schemdraw': '0.15', 'statsmodels': '0.14.5', 'sktime': '0.26.0', 'tbats': '1.1.3', 'pmdarima': '2.0.4', 'psutil': '5.9.5', 'markupsafe': '2.0.1', 'pickle5': 'Not installed', 'cloudpickle': '3.1.1', 'deprecation': '2.1.0', 'xxhash': '3.5.0', 'wurlitzer': '3.1.1'}, 'python': {'version': '3.11.13', 'machine': 'x86_64'}}
  warnings.warn(

2026-06-01 22:09:46,092:INFO:Transformation Pipeline and Model Successfully Loaded
2026-06-01 22:09:46,717:INFO:Initializing load_model()
2026-06-01 22:09:46,719:INFO:load_model(model_name=best_automl_ghosting_pipeline, platform=None, authentication=None, verbose=True)
2026-06-01 22:09:47,059:WARNING:C:\Users\Surface Laptop 3\AppData\Local\Programs\Python\Python311\Lib\site-packages\pycaret\internal\pipeline.py:148: UserWarning: Version mismatch:
current: {'deps_info': {'pip': '24.0', 'setuptools': '65.5.0', 'pycaret': '3.3.2', 'IPython': '9.14.0', 'ipywidgets': '8.1.8', 'tqdm': '4.67.3', 'numpy': '1.26.4', 'pandas': '2.1.4', 'jinja2': '3.1.6', 'scipy': '1.11.4', 'joblib': '1.3.2', 'sklearn': '1.4.2', 'pyod': '3.4.0', 'imblearn': '0.14.1', 'category_encoders': '2.7.0', 'lightgbm': '4.6.0', 'numba': '0.65.1', 'requests': '2.34.2', 'matplotlib': '3.7.5', 'scikitplot': '0.3.7', 'yellowbrick': '1.5', 'plotly': '6.7.0', 'plotly-resampler': 'Not installed', 'kaleido': '1.3.0', 'schemdraw': '0.15', 'statsmodels': '0.14.6', 'sktime': '0.26.0', 'tbats': '1.1.3', 'pmdarima': '2.0.4', 'psutil': '7.2.2', 'markupsafe': '3.0.3', 'pickle5': 'Not installed', 'cloudpickle': '3.1.2', 'deprecation': '2.1.0', 'xxhash': '3.7.0', 'wurlitzer': 'Not installed'}, 'python': {'version': '3.11.9', 'machine': 'AMD64'}}
pickle: {'deps_info': {'pip': '24.1.2', 'setuptools': '75.2.0', 'pycaret': '3.3.2', 'IPython': '7.34.0', 'ipywidgets': '7.7.1', 'tqdm': '4.67.1', 'numpy': '1.26.4', 'pandas': '2.1.4', 'jinja2': '3.1.6', 'scipy': '1.11.4', 'joblib': '1.3.2', 'sklearn': '1.2.2', 'pyod': '3.4.0', 'imblearn': '0.14.1', 'category_encoders': '2.7.0', 'lightgbm': '4.5.0', 'numba': '0.60.0', 'requests': '2.32.3', 'matplotlib': '3.7.5', 'scikitplot': '0.3.7', 'yellowbrick': '1.5', 'plotly': '5.24.1', 'plotly-resampler': 'Not installed', 'kaleido': '1.3.0', 'schemdraw': '0.15', 'statsmodels': '0.14.5', 'sktime': '0.26.0', 'tbats': '1.1.3', 'pmdarima': '2.0.4', 'psutil': '5.9.5', 'markupsafe': '2.0.1', 'pickle5': 'Not installed', 'cloudpickle': '3.1.1', 'deprecation': '2.1.0', 'xxhash': '3.5.0', 'wurlitzer': '3.1.1'}, 'python': {'version': '3.11.13', 'machine': 'x86_64'}}
  warnings.warn(

2026-06-01 22:09:47,099:INFO:Transformation Pipeline and Model Successfully Loaded
2026-06-01 22:09:48,441:INFO:Initializing load_model()
2026-06-01 22:09:48,443:INFO:load_model(model_name=best_automl_ghosting_pipeline, platform=None, authentication=None, verbose=True)
2026-06-01 22:09:48,804:WARNING:C:\Users\Surface Laptop 3\AppData\Local\Programs\Python\Python311\Lib\site-packages\pycaret\internal\pipeline.py:148: UserWarning: Version mismatch:
current: {'deps_info': {'pip': '24.0', 'setuptools': '65.5.0', 'pycaret': '3.3.2', 'IPython': '9.14.0', 'ipywidgets': '8.1.8', 'tqdm': '4.67.3', 'numpy': '1.26.4', 'pandas': '2.1.4', 'jinja2': '3.1.6', 'scipy': '1.11.4', 'joblib': '1.3.2', 'sklearn': '1.4.2', 'pyod': '3.4.0', 'imblearn': '0.14.1', 'category_encoders': '2.7.0', 'lightgbm': '4.6.0', 'numba': '0.65.1', 'requests': '2.34.2', 'matplotlib': '3.7.5', 'scikitplot': '0.3.7', 'yellowbrick': '1.5', 'plotly': '6.7.0', 'plotly-resampler': 'Not installed', 'kaleido': '1.3.0', 'schemdraw': '0.15', 'statsmodels': '0.14.6', 'sktime': '0.26.0', 'tbats': '1.1.3', 'pmdarima': '2.0.4', 'psutil': '7.2.2', 'markupsafe': '3.0.3', 'pickle5': 'Not installed', 'cloudpickle': '3.1.2', 'deprecation': '2.1.0', 'xxhash': '3.7.0', 'wurlitzer': 'Not installed'}, 'python': {'version': '3.11.9', 'machine': 'AMD64'}}
pickle: {'deps_info': {'pip': '24.1.2', 'setuptools': '75.2.0', 'pycaret': '3.3.2', 'IPython': '7.34.0', 'ipywidgets': '7.7.1', 'tqdm': '4.67.1', 'numpy': '1.26.4', 'pandas': '2.1.4', 'jinja2': '3.1.6', 'scipy': '1.11.4', 'joblib': '1.3.2', 'sklearn': '1.2.2', 'pyod': '3.4.0', 'imblearn': '0.14.1', 'category_encoders': '2.7.0', 'lightgbm': '4.5.0', 'numba': '0.60.0', 'requests': '2.32.3', 'matplotlib': '3.7.5', 'scikitplot': '0.3.7', 'yellowbrick': '1.5', 'plotly': '5.24.1', 'plotly-resampler': 'Not installed', 'kaleido': '1.3.0', 'schemdraw': '0.15', 'statsmodels': '0.14.5', 'sktime': '0.26.0', 'tbats': '1.1.3', 'pmdarima': '2.0.4', 'psutil': '5.9.5', 'markupsafe': '2.0.1', 'pickle5': 'Not installed', 'cloudpickle': '3.1.1', 'deprecation': '2.1.0', 'xxhash': '3.5.0', 'wurlitzer': '3.1.1'}, 'python': {'version': '3.11.13', 'machine': 'x86_64'}}
  warnings.warn(

2026-06-01 22:09:48,805:INFO:Transformation Pipeline and Model Successfully Loaded
2026-06-01 22:09:49,784:INFO:Initializing load_model()
2026-06-01 22:09:49,784:INFO:load_model(model_name=best_automl_ghosting_pipeline, platform=None, authentication=None, verbose=True)
2026-06-01 22:09:50,141:WARNING:C:\Users\Surface Laptop 3\AppData\Local\Programs\Python\Python311\Lib\site-packages\pycaret\internal\pipeline.py:148: UserWarning: Version mismatch:
current: {'deps_info': {'pip': '24.0', 'setuptools': '65.5.0', 'pycaret': '3.3.2', 'IPython': '9.14.0', 'ipywidgets': '8.1.8', 'tqdm': '4.67.3', 'numpy': '1.26.4', 'pandas': '2.1.4', 'jinja2': '3.1.6', 'scipy': '1.11.4', 'joblib': '1.3.2', 'sklearn': '1.4.2', 'pyod': '3.4.0', 'imblearn': '0.14.1', 'category_encoders': '2.7.0', 'lightgbm': '4.6.0', 'numba': '0.65.1', 'requests': '2.34.2', 'matplotlib': '3.7.5', 'scikitplot': '0.3.7', 'yellowbrick': '1.5', 'plotly': '6.7.0', 'plotly-resampler': 'Not installed', 'kaleido': '1.3.0', 'schemdraw': '0.15', 'statsmodels': '0.14.6', 'sktime': '0.26.0', 'tbats': '1.1.3', 'pmdarima': '2.0.4', 'psutil': '7.2.2', 'markupsafe': '3.0.3', 'pickle5': 'Not installed', 'cloudpickle': '3.1.2', 'deprecation': '2.1.0', 'xxhash': '3.7.0', 'wurlitzer': 'Not installed'}, 'python': {'version': '3.11.9', 'machine': 'AMD64'}}
pickle: {'deps_info': {'pip': '24.1.2', 'setuptools': '75.2.0', 'pycaret': '3.3.2', 'IPython': '7.34.0', 'ipywidgets': '7.7.1', 'tqdm': '4.67.1', 'numpy': '1.26.4', 'pandas': '2.1.4', 'jinja2': '3.1.6', 'scipy': '1.11.4', 'joblib': '1.3.2', 'sklearn': '1.2.2', 'pyod': '3.4.0', 'imblearn': '0.14.1', 'category_encoders': '2.7.0', 'lightgbm': '4.5.0', 'numba': '0.60.0', 'requests': '2.32.3', 'matplotlib': '3.7.5', 'scikitplot': '0.3.7', 'yellowbrick': '1.5', 'plotly': '5.24.1', 'plotly-resampler': 'Not installed', 'kaleido': '1.3.0', 'schemdraw': '0.15', 'statsmodels': '0.14.5', 'sktime': '0.26.0', 'tbats': '1.1.3', 'pmdarima': '2.0.4', 'psutil': '5.9.5', 'markupsafe': '2.0.1', 'pickle5': 'Not installed', 'cloudpickle': '3.1.1', 'deprecation': '2.1.0', 'xxhash': '3.5.0', 'wurlitzer': '3.1.1'}, 'python': {'version': '3.11.13', 'machine': 'x86_64'}}
  warnings.warn(

2026-06-01 22:09:50,174:INFO:Transformation Pipeline and Model Successfully Loaded
2026-06-01 22:09:51,844:INFO:Initializing load_model()
2026-06-01 22:09:51,844:INFO:load_model(model_name=best_automl_ghosting_pipeline, platform=None, authentication=None, verbose=True)
2026-06-01 22:09:52,213:WARNING:C:\Users\Surface Laptop 3\AppData\Local\Programs\Python\Python311\Lib\site-packages\pycaret\internal\pipeline.py:148: UserWarning: Version mismatch:
current: {'deps_info': {'pip': '24.0', 'setuptools': '65.5.0', 'pycaret': '3.3.2', 'IPython': '9.14.0', 'ipywidgets': '8.1.8', 'tqdm': '4.67.3', 'numpy': '1.26.4', 'pandas': '2.1.4', 'jinja2': '3.1.6', 'scipy': '1.11.4', 'joblib': '1.3.2', 'sklearn': '1.4.2', 'pyod': '3.4.0', 'imblearn': '0.14.1', 'category_encoders': '2.7.0', 'lightgbm': '4.6.0', 'numba': '0.65.1', 'requests': '2.34.2', 'matplotlib': '3.7.5', 'scikitplot': '0.3.7', 'yellowbrick': '1.5', 'plotly': '6.7.0', 'plotly-resampler': 'Not installed', 'kaleido': '1.3.0', 'schemdraw': '0.15', 'statsmodels': '0.14.6', 'sktime': '0.26.0', 'tbats': '1.1.3', 'pmdarima': '2.0.4', 'psutil': '7.2.2', 'markupsafe': '3.0.3', 'pickle5': 'Not installed', 'cloudpickle': '3.1.2', 'deprecation': '2.1.0', 'xxhash': '3.7.0', 'wurlitzer': 'Not installed'}, 'python': {'version': '3.11.9', 'machine': 'AMD64'}}
pickle: {'deps_info': {'pip': '24.1.2', 'setuptools': '75.2.0', 'pycaret': '3.3.2', 'IPython': '7.34.0', 'ipywidgets': '7.7.1', 'tqdm': '4.67.1', 'numpy': '1.26.4', 'pandas': '2.1.4', 'jinja2': '3.1.6', 'scipy': '1.11.4', 'joblib': '1.3.2', 'sklearn': '1.2.2', 'pyod': '3.4.0', 'imblearn': '0.14.1', 'category_encoders': '2.7.0', 'lightgbm': '4.5.0', 'numba': '0.60.0', 'requests': '2.32.3', 'matplotlib': '3.7.5', 'scikitplot': '0.3.7', 'yellowbrick': '1.5', 'plotly': '5.24.1', 'plotly-resampler': 'Not installed', 'kaleido': '1.3.0', 'schemdraw': '0.15', 'statsmodels': '0.14.5', 'sktime': '0.26.0', 'tbats': '1.1.3', 'pmdarima': '2.0.4', 'psutil': '5.9.5', 'markupsafe': '2.0.1', 'pickle5': 'Not installed', 'cloudpickle': '3.1.1', 'deprecation': '2.1.0', 'xxhash': '3.5.0', 'wurlitzer': '3.1.1'}, 'python': {'version': '3.11.13', 'machine': 'x86_64'}}
  warnings.warn(

2026-06-01 22:09:52,238:INFO:Transformation Pipeline and Model Successfully Loaded
2026-06-01 22:09:52,854:INFO:Initializing load_model()
2026-06-01 22:09:52,854:INFO:load_model(model_name=best_automl_ghosting_pipeline, platform=None, authentication=None, verbose=True)
2026-06-01 22:09:53,205:WARNING:C:\Users\Surface Laptop 3\AppData\Local\Programs\Python\Python311\Lib\site-packages\pycaret\internal\pipeline.py:148: UserWarning: Version mismatch:
current: {'deps_info': {'pip': '24.0', 'setuptools': '65.5.0', 'pycaret': '3.3.2', 'IPython': '9.14.0', 'ipywidgets': '8.1.8', 'tqdm': '4.67.3', 'numpy': '1.26.4', 'pandas': '2.1.4', 'jinja2': '3.1.6', 'scipy': '1.11.4', 'joblib': '1.3.2', 'sklearn': '1.4.2', 'pyod': '3.4.0', 'imblearn': '0.14.1', 'category_encoders': '2.7.0', 'lightgbm': '4.6.0', 'numba': '0.65.1', 'requests': '2.34.2', 'matplotlib': '3.7.5', 'scikitplot': '0.3.7', 'yellowbrick': '1.5', 'plotly': '6.7.0', 'plotly-resampler': 'Not installed', 'kaleido': '1.3.0', 'schemdraw': '0.15', 'statsmodels': '0.14.6', 'sktime': '0.26.0', 'tbats': '1.1.3', 'pmdarima': '2.0.4', 'psutil': '7.2.2', 'markupsafe': '3.0.3', 'pickle5': 'Not installed', 'cloudpickle': '3.1.2', 'deprecation': '2.1.0', 'xxhash': '3.7.0', 'wurlitzer': 'Not installed'}, 'python': {'version': '3.11.9', 'machine': 'AMD64'}}
pickle: {'deps_info': {'pip': '24.1.2', 'setuptools': '75.2.0', 'pycaret': '3.3.2', 'IPython': '7.34.0', 'ipywidgets': '7.7.1', 'tqdm': '4.67.1', 'numpy': '1.26.4', 'pandas': '2.1.4', 'jinja2': '3.1.6', 'scipy': '1.11.4', 'joblib': '1.3.2', 'sklearn': '1.2.2', 'pyod': '3.4.0', 'imblearn': '0.14.1', 'category_encoders': '2.7.0', 'lightgbm': '4.5.0', 'numba': '0.60.0', 'requests': '2.32.3', 'matplotlib': '3.7.5', 'scikitplot': '0.3.7', 'yellowbrick': '1.5', 'plotly': '5.24.1', 'plotly-resampler': 'Not installed', 'kaleido': '1.3.0', 'schemdraw': '0.15', 'statsmodels': '0.14.5', 'sktime': '0.26.0', 'tbats': '1.1.3', 'pmdarima': '2.0.4', 'psutil': '5.9.5', 'markupsafe': '2.0.1', 'pickle5': 'Not installed', 'cloudpickle': '3.1.1', 'deprecation': '2.1.0', 'xxhash': '3.5.0', 'wurlitzer': '3.1.1'}, 'python': {'version': '3.11.13', 'machine': 'x86_64'}}
  warnings.warn(

2026-06-01 22:09:53,207:INFO:Transformation Pipeline and Model Successfully Loaded
2026-06-01 22:09:53,890:INFO:Initializing load_model()
2026-06-01 22:09:53,899:INFO:load_model(model_name=best_automl_ghosting_pipeline, platform=None, authentication=None, verbose=True)
2026-06-01 22:09:54,205:WARNING:C:\Users\Surface Laptop 3\AppData\Local\Programs\Python\Python311\Lib\site-packages\pycaret\internal\pipeline.py:148: UserWarning: Version mismatch:
current: {'deps_info': {'pip': '24.0', 'setuptools': '65.5.0', 'pycaret': '3.3.2', 'IPython': '9.14.0', 'ipywidgets': '8.1.8', 'tqdm': '4.67.3', 'numpy': '1.26.4', 'pandas': '2.1.4', 'jinja2': '3.1.6', 'scipy': '1.11.4', 'joblib': '1.3.2', 'sklearn': '1.4.2', 'pyod': '3.4.0', 'imblearn': '0.14.1', 'category_encoders': '2.7.0', 'lightgbm': '4.6.0', 'numba': '0.65.1', 'requests': '2.34.2', 'matplotlib': '3.7.5', 'scikitplot': '0.3.7', 'yellowbrick': '1.5', 'plotly': '6.7.0', 'plotly-resampler': 'Not installed', 'kaleido': '1.3.0', 'schemdraw': '0.15', 'statsmodels': '0.14.6', 'sktime': '0.26.0', 'tbats': '1.1.3', 'pmdarima': '2.0.4', 'psutil': '7.2.2', 'markupsafe': '3.0.3', 'pickle5': 'Not installed', 'cloudpickle': '3.1.2', 'deprecation': '2.1.0', 'xxhash': '3.7.0', 'wurlitzer': 'Not installed'}, 'python': {'version': '3.11.9', 'machine': 'AMD64'}}
pickle: {'deps_info': {'pip': '24.1.2', 'setuptools': '75.2.0', 'pycaret': '3.3.2', 'IPython': '7.34.0', 'ipywidgets': '7.7.1', 'tqdm': '4.67.1', 'numpy': '1.26.4', 'pandas': '2.1.4', 'jinja2': '3.1.6', 'scipy': '1.11.4', 'joblib': '1.3.2', 'sklearn': '1.2.2', 'pyod': '3.4.0', 'imblearn': '0.14.1', 'category_encoders': '2.7.0', 'lightgbm': '4.5.0', 'numba': '0.60.0', 'requests': '2.32.3', 'matplotlib': '3.7.5', 'scikitplot': '0.3.7', 'yellowbrick': '1.5', 'plotly': '5.24.1', 'plotly-resampler': 'Not installed', 'kaleido': '1.3.0', 'schemdraw': '0.15', 'statsmodels': '0.14.5', 'sktime': '0.26.0', 'tbats': '1.1.3', 'pmdarima': '2.0.4', 'psutil': '5.9.5', 'markupsafe': '2.0.1', 'pickle5': 'Not installed', 'cloudpickle': '3.1.1', 'deprecation': '2.1.0', 'xxhash': '3.5.0', 'wurlitzer': '3.1.1'}, 'python': {'version': '3.11.13', 'machine': 'x86_64'}}
  warnings.warn(

2026-06-01 22:09:54,205:INFO:Transformation Pipeline and Model Successfully Loaded
2026-06-01 22:09:54,977:INFO:Initializing load_model()
2026-06-01 22:09:54,977:INFO:load_model(model_name=best_automl_ghosting_pipeline, platform=None, authentication=None, verbose=True)
2026-06-01 22:09:55,267:WARNING:C:\Users\Surface Laptop 3\AppData\Local\Programs\Python\Python311\Lib\site-packages\pycaret\internal\pipeline.py:148: UserWarning: Version mismatch:
current: {'deps_info': {'pip': '24.0', 'setuptools': '65.5.0', 'pycaret': '3.3.2', 'IPython': '9.14.0', 'ipywidgets': '8.1.8', 'tqdm': '4.67.3', 'numpy': '1.26.4', 'pandas': '2.1.4', 'jinja2': '3.1.6', 'scipy': '1.11.4', 'joblib': '1.3.2', 'sklearn': '1.4.2', 'pyod': '3.4.0', 'imblearn': '0.14.1', 'category_encoders': '2.7.0', 'lightgbm': '4.6.0', 'numba': '0.65.1', 'requests': '2.34.2', 'matplotlib': '3.7.5', 'scikitplot': '0.3.7', 'yellowbrick': '1.5', 'plotly': '6.7.0', 'plotly-resampler': 'Not installed', 'kaleido': '1.3.0', 'schemdraw': '0.15', 'statsmodels': '0.14.6', 'sktime': '0.26.0', 'tbats': '1.1.3', 'pmdarima': '2.0.4', 'psutil': '7.2.2', 'markupsafe': '3.0.3', 'pickle5': 'Not installed', 'cloudpickle': '3.1.2', 'deprecation': '2.1.0', 'xxhash': '3.7.0', 'wurlitzer': 'Not installed'}, 'python': {'version': '3.11.9', 'machine': 'AMD64'}}
pickle: {'deps_info': {'pip': '24.1.2', 'setuptools': '75.2.0', 'pycaret': '3.3.2', 'IPython': '7.34.0', 'ipywidgets': '7.7.1', 'tqdm': '4.67.1', 'numpy': '1.26.4', 'pandas': '2.1.4', 'jinja2': '3.1.6', 'scipy': '1.11.4', 'joblib': '1.3.2', 'sklearn': '1.2.2', 'pyod': '3.4.0', 'imblearn': '0.14.1', 'category_encoders': '2.7.0', 'lightgbm': '4.5.0', 'numba': '0.60.0', 'requests': '2.32.3', 'matplotlib': '3.7.5', 'scikitplot': '0.3.7', 'yellowbrick': '1.5', 'plotly': '5.24.1', 'plotly-resampler': 'Not installed', 'kaleido': '1.3.0', 'schemdraw': '0.15', 'statsmodels': '0.14.5', 'sktime': '0.26.0', 'tbats': '1.1.3', 'pmdarima': '2.0.4', 'psutil': '5.9.5', 'markupsafe': '2.0.1', 'pickle5': 'Not installed', 'cloudpickle': '3.1.1', 'deprecation': '2.1.0', 'xxhash': '3.5.0', 'wurlitzer': '3.1.1'}, 'python': {'version': '3.11.13', 'machine': 'x86_64'}}
  warnings.warn(

2026-06-01 22:09:55,272:INFO:Transformation Pipeline and Model Successfully Loaded
2026-06-01 22:09:56,457:INFO:Initializing load_model()
2026-06-01 22:09:56,461:INFO:load_model(model_name=best_automl_ghosting_pipeline, platform=None, authentication=None, verbose=True)
2026-06-01 22:09:56,799:WARNING:C:\Users\Surface Laptop 3\AppData\Local\Programs\Python\Python311\Lib\site-packages\pycaret\internal\pipeline.py:148: UserWarning: Version mismatch:
current: {'deps_info': {'pip': '24.0', 'setuptools': '65.5.0', 'pycaret': '3.3.2', 'IPython': '9.14.0', 'ipywidgets': '8.1.8', 'tqdm': '4.67.3', 'numpy': '1.26.4', 'pandas': '2.1.4', 'jinja2': '3.1.6', 'scipy': '1.11.4', 'joblib': '1.3.2', 'sklearn': '1.4.2', 'pyod': '3.4.0', 'imblearn': '0.14.1', 'category_encoders': '2.7.0', 'lightgbm': '4.6.0', 'numba': '0.65.1', 'requests': '2.34.2', 'matplotlib': '3.7.5', 'scikitplot': '0.3.7', 'yellowbrick': '1.5', 'plotly': '6.7.0', 'plotly-resampler': 'Not installed', 'kaleido': '1.3.0', 'schemdraw': '0.15', 'statsmodels': '0.14.6', 'sktime': '0.26.0', 'tbats': '1.1.3', 'pmdarima': '2.0.4', 'psutil': '7.2.2', 'markupsafe': '3.0.3', 'pickle5': 'Not installed', 'cloudpickle': '3.1.2', 'deprecation': '2.1.0', 'xxhash': '3.7.0', 'wurlitzer': 'Not installed'}, 'python': {'version': '3.11.9', 'machine': 'AMD64'}}
pickle: {'deps_info': {'pip': '24.1.2', 'setuptools': '75.2.0', 'pycaret': '3.3.2', 'IPython': '7.34.0', 'ipywidgets': '7.7.1', 'tqdm': '4.67.1', 'numpy': '1.26.4', 'pandas': '2.1.4', 'jinja2': '3.1.6', 'scipy': '1.11.4', 'joblib': '1.3.2', 'sklearn': '1.2.2', 'pyod': '3.4.0', 'imblearn': '0.14.1', 'category_encoders': '2.7.0', 'lightgbm': '4.5.0', 'numba': '0.60.0', 'requests': '2.32.3', 'matplotlib': '3.7.5', 'scikitplot': '0.3.7', 'yellowbrick': '1.5', 'plotly': '5.24.1', 'plotly-resampler': 'Not installed', 'kaleido': '1.3.0', 'schemdraw': '0.15', 'statsmodels': '0.14.5', 'sktime': '0.26.0', 'tbats': '1.1.3', 'pmdarima': '2.0.4', 'psutil': '5.9.5', 'markupsafe': '2.0.1', 'pickle5': 'Not installed', 'cloudpickle': '3.1.1', 'deprecation': '2.1.0', 'xxhash': '3.5.0', 'wurlitzer': '3.1.1'}, 'python': {'version': '3.11.13', 'machine': 'x86_64'}}
  warnings.warn(

2026-06-01 22:09:56,831:INFO:Transformation Pipeline and Model Successfully Loaded
2026-06-01 22:09:56,884:INFO:Initializing predict_model()
2026-06-01 22:09:56,894:INFO:predict_model(self=<pycaret.classification.oop.ClassificationExperiment object at 0x000002C60B413550>, estimator=Pipeline(memory=Memory(location=None),
         steps=[('numerical_imputer',
                 TransformerWrapper(include=['PC1', 'PC2', 'PC3', 'PC4', 'PC5',
                                             'PC6', 'PC7', 'PC8', 'PC9', 'PC10',
                                             'PC11', 'PC12', 'PC13'],
                                    transformer=SimpleImputer())),
                ('categorical_imputer',
                 TransformerWrapper(include=[],
                                    transformer=SimpleImputer(strategy='most_frequent'))),
                ('balance',
                 TransformerWrapper(transformer=FixImbalancer(estimator=RandomUnderSampler(random_state=42)))),
                ('actual_estimator',
                 RandomForestClassifier(n_jobs=-1, random_state=42))]), probability_threshold=None, encoded_labels=False, raw_score=False, round=4, verbose=True, ml_usecase=None, preprocess=True, encode_labels=<function _SupervisedExperiment.predict_model.<locals>.encode_labels at 0x000002C60AC3B240>)
2026-06-01 22:09:56,894:INFO:Checking exceptions
2026-06-01 22:09:56,894:INFO:Preloading libraries
2026-06-01 22:09:56,894:INFO:Set up data.
2026-06-01 22:09:56,908:INFO:Set up index.
2026-06-01 22:31:08,649:WARNING:Exception in callback _ProactorBasePipeTransport._call_connection_lost(None)
2026-06-01 22:31:08,650:WARNING:handle: <Handle _ProactorBasePipeTransport._call_connection_lost(None)>
2026-06-01 22:31:08,650:WARNING:Traceback (most recent call last):
2026-06-01 22:31:08,651:WARNING:  File "C:\Users\Surface Laptop 3\AppData\Local\Programs\Python\Python311\Lib\asyncio\events.py", line 84, in _run
2026-06-01 22:31:08,651:WARNING:    self._context.run(self._callback, *self._args)
2026-06-01 22:31:08,651:WARNING:  File "C:\Users\Surface Laptop 3\AppData\Local\Programs\Python\Python311\Lib\asyncio\proactor_events.py", line 165, in _call_connection_lost
2026-06-01 22:31:08,652:WARNING:    self._sock.shutdown(socket.SHUT_RDWR)
2026-06-01 22:31:08,652:WARNING:ConnectionResetError: [WinError 10054] An existing connection was forcibly closed by the remote host
2026-06-01 23:01:02,116:INFO:Initializing load_model()
2026-06-01 23:01:02,116:INFO:load_model(model_name=best_automl_ghosting_pipeline, platform=None, authentication=None, verbose=True)
2026-06-01 23:01:02,478:WARNING:C:\Users\Surface Laptop 3\AppData\Local\Programs\Python\Python311\Lib\site-packages\pycaret\internal\pipeline.py:148: UserWarning: Version mismatch:
current: {'deps_info': {'pip': '24.0', 'setuptools': '65.5.0', 'pycaret': '3.3.2', 'IPython': '9.14.0', 'ipywidgets': '8.1.8', 'tqdm': '4.67.3', 'numpy': '1.26.4', 'pandas': '2.1.4', 'jinja2': '3.1.6', 'scipy': '1.11.4', 'joblib': '1.3.2', 'sklearn': '1.4.2', 'pyod': '3.4.0', 'imblearn': '0.14.1', 'category_encoders': '2.7.0', 'lightgbm': '4.6.0', 'numba': '0.65.1', 'requests': '2.34.2', 'matplotlib': '3.7.5', 'scikitplot': '0.3.7', 'yellowbrick': '1.5', 'plotly': '6.7.0', 'plotly-resampler': 'Not installed', 'kaleido': '1.3.0', 'schemdraw': '0.15', 'statsmodels': '0.14.6', 'sktime': '0.26.0', 'tbats': '1.1.3', 'pmdarima': '2.0.4', 'psutil': '7.2.2', 'markupsafe': '3.0.3', 'pickle5': 'Not installed', 'cloudpickle': '3.1.2', 'deprecation': '2.1.0', 'xxhash': '3.7.0', 'wurlitzer': 'Not installed'}, 'python': {'version': '3.11.9', 'machine': 'AMD64'}}
pickle: {'deps_info': {'pip': '24.1.2', 'setuptools': '75.2.0', 'pycaret': '3.3.2', 'IPython': '7.34.0', 'ipywidgets': '7.7.1', 'tqdm': '4.67.1', 'numpy': '1.26.4', 'pandas': '2.1.4', 'jinja2': '3.1.6', 'scipy': '1.11.4', 'joblib': '1.3.2', 'sklearn': '1.2.2', 'pyod': '3.4.0', 'imblearn': '0.14.1', 'category_encoders': '2.7.0', 'lightgbm': '4.5.0', 'numba': '0.60.0', 'requests': '2.32.3', 'matplotlib': '3.7.5', 'scikitplot': '0.3.7', 'yellowbrick': '1.5', 'plotly': '5.24.1', 'plotly-resampler': 'Not installed', 'kaleido': '1.3.0', 'schemdraw': '0.15', 'statsmodels': '0.14.5', 'sktime': '0.26.0', 'tbats': '1.1.3', 'pmdarima': '2.0.4', 'psutil': '5.9.5', 'markupsafe': '2.0.1', 'pickle5': 'Not installed', 'cloudpickle': '3.1.1', 'deprecation': '2.1.0', 'xxhash': '3.5.0', 'wurlitzer': '3.1.1'}, 'python': {'version': '3.11.13', 'machine': 'x86_64'}}
  warnings.warn(

2026-06-01 23:01:02,494:INFO:Transformation Pipeline and Model Successfully Loaded
2026-06-01 23:01:10,902:INFO:Initializing load_model()
2026-06-01 23:01:10,902:INFO:load_model(model_name=best_automl_ghosting_pipeline, platform=None, authentication=None, verbose=True)
2026-06-01 23:01:11,282:WARNING:C:\Users\Surface Laptop 3\AppData\Local\Programs\Python\Python311\Lib\site-packages\pycaret\internal\pipeline.py:148: UserWarning: Version mismatch:
current: {'deps_info': {'pip': '24.0', 'setuptools': '65.5.0', 'pycaret': '3.3.2', 'IPython': '9.14.0', 'ipywidgets': '8.1.8', 'tqdm': '4.67.3', 'numpy': '1.26.4', 'pandas': '2.1.4', 'jinja2': '3.1.6', 'scipy': '1.11.4', 'joblib': '1.3.2', 'sklearn': '1.4.2', 'pyod': '3.4.0', 'imblearn': '0.14.1', 'category_encoders': '2.7.0', 'lightgbm': '4.6.0', 'numba': '0.65.1', 'requests': '2.34.2', 'matplotlib': '3.7.5', 'scikitplot': '0.3.7', 'yellowbrick': '1.5', 'plotly': '6.7.0', 'plotly-resampler': 'Not installed', 'kaleido': '1.3.0', 'schemdraw': '0.15', 'statsmodels': '0.14.6', 'sktime': '0.26.0', 'tbats': '1.1.3', 'pmdarima': '2.0.4', 'psutil': '7.2.2', 'markupsafe': '3.0.3', 'pickle5': 'Not installed', 'cloudpickle': '3.1.2', 'deprecation': '2.1.0', 'xxhash': '3.7.0', 'wurlitzer': 'Not installed'}, 'python': {'version': '3.11.9', 'machine': 'AMD64'}}
pickle: {'deps_info': {'pip': '24.1.2', 'setuptools': '75.2.0', 'pycaret': '3.3.2', 'IPython': '7.34.0', 'ipywidgets': '7.7.1', 'tqdm': '4.67.1', 'numpy': '1.26.4', 'pandas': '2.1.4', 'jinja2': '3.1.6', 'scipy': '1.11.4', 'joblib': '1.3.2', 'sklearn': '1.2.2', 'pyod': '3.4.0', 'imblearn': '0.14.1', 'category_encoders': '2.7.0', 'lightgbm': '4.5.0', 'numba': '0.60.0', 'requests': '2.32.3', 'matplotlib': '3.7.5', 'scikitplot': '0.3.7', 'yellowbrick': '1.5', 'plotly': '5.24.1', 'plotly-resampler': 'Not installed', 'kaleido': '1.3.0', 'schemdraw': '0.15', 'statsmodels': '0.14.5', 'sktime': '0.26.0', 'tbats': '1.1.3', 'pmdarima': '2.0.4', 'psutil': '5.9.5', 'markupsafe': '2.0.1', 'pickle5': 'Not installed', 'cloudpickle': '3.1.1', 'deprecation': '2.1.0', 'xxhash': '3.5.0', 'wurlitzer': '3.1.1'}, 'python': {'version': '3.11.13', 'machine': 'x86_64'}}
  warnings.warn(

2026-06-01 23:01:11,293:INFO:Transformation Pipeline and Model Successfully Loaded
2026-06-01 23:01:15,070:INFO:Initializing load_model()
2026-06-01 23:01:15,070:INFO:load_model(model_name=best_automl_ghosting_pipeline, platform=None, authentication=None, verbose=True)
2026-06-01 23:01:15,408:WARNING:C:\Users\Surface Laptop 3\AppData\Local\Programs\Python\Python311\Lib\site-packages\pycaret\internal\pipeline.py:148: UserWarning: Version mismatch:
current: {'deps_info': {'pip': '24.0', 'setuptools': '65.5.0', 'pycaret': '3.3.2', 'IPython': '9.14.0', 'ipywidgets': '8.1.8', 'tqdm': '4.67.3', 'numpy': '1.26.4', 'pandas': '2.1.4', 'jinja2': '3.1.6', 'scipy': '1.11.4', 'joblib': '1.3.2', 'sklearn': '1.4.2', 'pyod': '3.4.0', 'imblearn': '0.14.1', 'category_encoders': '2.7.0', 'lightgbm': '4.6.0', 'numba': '0.65.1', 'requests': '2.34.2', 'matplotlib': '3.7.5', 'scikitplot': '0.3.7', 'yellowbrick': '1.5', 'plotly': '6.7.0', 'plotly-resampler': 'Not installed', 'kaleido': '1.3.0', 'schemdraw': '0.15', 'statsmodels': '0.14.6', 'sktime': '0.26.0', 'tbats': '1.1.3', 'pmdarima': '2.0.4', 'psutil': '7.2.2', 'markupsafe': '3.0.3', 'pickle5': 'Not installed', 'cloudpickle': '3.1.2', 'deprecation': '2.1.0', 'xxhash': '3.7.0', 'wurlitzer': 'Not installed'}, 'python': {'version': '3.11.9', 'machine': 'AMD64'}}
pickle: {'deps_info': {'pip': '24.1.2', 'setuptools': '75.2.0', 'pycaret': '3.3.2', 'IPython': '7.34.0', 'ipywidgets': '7.7.1', 'tqdm': '4.67.1', 'numpy': '1.26.4', 'pandas': '2.1.4', 'jinja2': '3.1.6', 'scipy': '1.11.4', 'joblib': '1.3.2', 'sklearn': '1.2.2', 'pyod': '3.4.0', 'imblearn': '0.14.1', 'category_encoders': '2.7.0', 'lightgbm': '4.5.0', 'numba': '0.60.0', 'requests': '2.32.3', 'matplotlib': '3.7.5', 'scikitplot': '0.3.7', 'yellowbrick': '1.5', 'plotly': '5.24.1', 'plotly-resampler': 'Not installed', 'kaleido': '1.3.0', 'schemdraw': '0.15', 'statsmodels': '0.14.5', 'sktime': '0.26.0', 'tbats': '1.1.3', 'pmdarima': '2.0.4', 'psutil': '5.9.5', 'markupsafe': '2.0.1', 'pickle5': 'Not installed', 'cloudpickle': '3.1.1', 'deprecation': '2.1.0', 'xxhash': '3.5.0', 'wurlitzer': '3.1.1'}, 'python': {'version': '3.11.13', 'machine': 'x86_64'}}
  warnings.warn(

2026-06-01 23:01:15,408:INFO:Transformation Pipeline and Model Successfully Loaded
2026-06-01 23:01:17,122:INFO:Initializing load_model()
2026-06-01 23:01:17,122:INFO:load_model(model_name=best_automl_ghosting_pipeline, platform=None, authentication=None, verbose=True)
2026-06-01 23:01:17,447:WARNING:C:\Users\Surface Laptop 3\AppData\Local\Programs\Python\Python311\Lib\site-packages\pycaret\internal\pipeline.py:148: UserWarning: Version mismatch:
current: {'deps_info': {'pip': '24.0', 'setuptools': '65.5.0', 'pycaret': '3.3.2', 'IPython': '9.14.0', 'ipywidgets': '8.1.8', 'tqdm': '4.67.3', 'numpy': '1.26.4', 'pandas': '2.1.4', 'jinja2': '3.1.6', 'scipy': '1.11.4', 'joblib': '1.3.2', 'sklearn': '1.4.2', 'pyod': '3.4.0', 'imblearn': '0.14.1', 'category_encoders': '2.7.0', 'lightgbm': '4.6.0', 'numba': '0.65.1', 'requests': '2.34.2', 'matplotlib': '3.7.5', 'scikitplot': '0.3.7', 'yellowbrick': '1.5', 'plotly': '6.7.0', 'plotly-resampler': 'Not installed', 'kaleido': '1.3.0', 'schemdraw': '0.15', 'statsmodels': '0.14.6', 'sktime': '0.26.0', 'tbats': '1.1.3', 'pmdarima': '2.0.4', 'psutil': '7.2.2', 'markupsafe': '3.0.3', 'pickle5': 'Not installed', 'cloudpickle': '3.1.2', 'deprecation': '2.1.0', 'xxhash': '3.7.0', 'wurlitzer': 'Not installed'}, 'python': {'version': '3.11.9', 'machine': 'AMD64'}}
pickle: {'deps_info': {'pip': '24.1.2', 'setuptools': '75.2.0', 'pycaret': '3.3.2', 'IPython': '7.34.0', 'ipywidgets': '7.7.1', 'tqdm': '4.67.1', 'numpy': '1.26.4', 'pandas': '2.1.4', 'jinja2': '3.1.6', 'scipy': '1.11.4', 'joblib': '1.3.2', 'sklearn': '1.2.2', 'pyod': '3.4.0', 'imblearn': '0.14.1', 'category_encoders': '2.7.0', 'lightgbm': '4.5.0', 'numba': '0.60.0', 'requests': '2.32.3', 'matplotlib': '3.7.5', 'scikitplot': '0.3.7', 'yellowbrick': '1.5', 'plotly': '5.24.1', 'plotly-resampler': 'Not installed', 'kaleido': '1.3.0', 'schemdraw': '0.15', 'statsmodels': '0.14.5', 'sktime': '0.26.0', 'tbats': '1.1.3', 'pmdarima': '2.0.4', 'psutil': '5.9.5', 'markupsafe': '2.0.1', 'pickle5': 'Not installed', 'cloudpickle': '3.1.1', 'deprecation': '2.1.0', 'xxhash': '3.5.0', 'wurlitzer': '3.1.1'}, 'python': {'version': '3.11.13', 'machine': 'x86_64'}}
  warnings.warn(

2026-06-01 23:01:17,452:INFO:Transformation Pipeline and Model Successfully Loaded
2026-06-01 23:01:17,501:INFO:Initializing predict_model()
2026-06-01 23:01:17,501:INFO:predict_model(self=<pycaret.classification.oop.ClassificationExperiment object at 0x000002C60C9FB510>, estimator=Pipeline(memory=Memory(location=None),
         steps=[('numerical_imputer',
                 TransformerWrapper(include=['PC1', 'PC2', 'PC3', 'PC4', 'PC5',
                                             'PC6', 'PC7', 'PC8', 'PC9', 'PC10',
                                             'PC11', 'PC12', 'PC13'],
                                    transformer=SimpleImputer())),
                ('categorical_imputer',
                 TransformerWrapper(include=[],
                                    transformer=SimpleImputer(strategy='most_frequent'))),
                ('balance',
                 TransformerWrapper(transformer=FixImbalancer(estimator=RandomUnderSampler(random_state=42)))),
                ('actual_estimator',
                 RandomForestClassifier(n_jobs=-1, random_state=42))]), probability_threshold=None, encoded_labels=False, raw_score=False, round=4, verbose=True, ml_usecase=None, preprocess=True, encode_labels=<function _SupervisedExperiment.predict_model.<locals>.encode_labels at 0x000002C60C5BB2E0>)
2026-06-01 23:01:17,501:INFO:Checking exceptions
2026-06-01 23:01:17,501:INFO:Preloading libraries
2026-06-01 23:01:17,501:INFO:Set up data.
2026-06-01 23:01:17,511:INFO:Set up index.
2026-06-01 23:01:23,116:INFO:Initializing load_model()
2026-06-01 23:01:23,118:INFO:load_model(model_name=best_automl_ghosting_pipeline, platform=None, authentication=None, verbose=True)
2026-06-01 23:01:23,552:WARNING:C:\Users\Surface Laptop 3\AppData\Local\Programs\Python\Python311\Lib\site-packages\pycaret\internal\pipeline.py:148: UserWarning: Version mismatch:
current: {'deps_info': {'pip': '24.0', 'setuptools': '65.5.0', 'pycaret': '3.3.2', 'IPython': '9.14.0', 'ipywidgets': '8.1.8', 'tqdm': '4.67.3', 'numpy': '1.26.4', 'pandas': '2.1.4', 'jinja2': '3.1.6', 'scipy': '1.11.4', 'joblib': '1.3.2', 'sklearn': '1.4.2', 'pyod': '3.4.0', 'imblearn': '0.14.1', 'category_encoders': '2.7.0', 'lightgbm': '4.6.0', 'numba': '0.65.1', 'requests': '2.34.2', 'matplotlib': '3.7.5', 'scikitplot': '0.3.7', 'yellowbrick': '1.5', 'plotly': '6.7.0', 'plotly-resampler': 'Not installed', 'kaleido': '1.3.0', 'schemdraw': '0.15', 'statsmodels': '0.14.6', 'sktime': '0.26.0', 'tbats': '1.1.3', 'pmdarima': '2.0.4', 'psutil': '7.2.2', 'markupsafe': '3.0.3', 'pickle5': 'Not installed', 'cloudpickle': '3.1.2', 'deprecation': '2.1.0', 'xxhash': '3.7.0', 'wurlitzer': 'Not installed'}, 'python': {'version': '3.11.9', 'machine': 'AMD64'}}
pickle: {'deps_info': {'pip': '24.1.2', 'setuptools': '75.2.0', 'pycaret': '3.3.2', 'IPython': '7.34.0', 'ipywidgets': '7.7.1', 'tqdm': '4.67.1', 'numpy': '1.26.4', 'pandas': '2.1.4', 'jinja2': '3.1.6', 'scipy': '1.11.4', 'joblib': '1.3.2', 'sklearn': '1.2.2', 'pyod': '3.4.0', 'imblearn': '0.14.1', 'category_encoders': '2.7.0', 'lightgbm': '4.5.0', 'numba': '0.60.0', 'requests': '2.32.3', 'matplotlib': '3.7.5', 'scikitplot': '0.3.7', 'yellowbrick': '1.5', 'plotly': '5.24.1', 'plotly-resampler': 'Not installed', 'kaleido': '1.3.0', 'schemdraw': '0.15', 'statsmodels': '0.14.5', 'sktime': '0.26.0', 'tbats': '1.1.3', 'pmdarima': '2.0.4', 'psutil': '5.9.5', 'markupsafe': '2.0.1', 'pickle5': 'Not installed', 'cloudpickle': '3.1.1', 'deprecation': '2.1.0', 'xxhash': '3.5.0', 'wurlitzer': '3.1.1'}, 'python': {'version': '3.11.13', 'machine': 'x86_64'}}
  warnings.warn(

2026-06-01 23:01:23,556:INFO:Transformation Pipeline and Model Successfully Loaded
2026-06-01 23:02:21,759:INFO:Initializing load_model()
2026-06-01 23:02:21,761:INFO:load_model(model_name=best_automl_ghosting_pipeline, platform=None, authentication=None, verbose=True)
2026-06-01 23:02:22,060:WARNING:C:\Users\Surface Laptop 3\AppData\Local\Programs\Python\Python311\Lib\site-packages\pycaret\internal\pipeline.py:148: UserWarning: Version mismatch:
current: {'deps_info': {'pip': '24.0', 'setuptools': '65.5.0', 'pycaret': '3.3.2', 'IPython': '9.14.0', 'ipywidgets': '8.1.8', 'tqdm': '4.67.3', 'numpy': '1.26.4', 'pandas': '2.1.4', 'jinja2': '3.1.6', 'scipy': '1.11.4', 'joblib': '1.3.2', 'sklearn': '1.4.2', 'pyod': '3.4.0', 'imblearn': '0.14.1', 'category_encoders': '2.7.0', 'lightgbm': '4.6.0', 'numba': '0.65.1', 'requests': '2.34.2', 'matplotlib': '3.7.5', 'scikitplot': '0.3.7', 'yellowbrick': '1.5', 'plotly': '6.7.0', 'plotly-resampler': 'Not installed', 'kaleido': '1.3.0', 'schemdraw': '0.15', 'statsmodels': '0.14.6', 'sktime': '0.26.0', 'tbats': '1.1.3', 'pmdarima': '2.0.4', 'psutil': '7.2.2', 'markupsafe': '3.0.3', 'pickle5': 'Not installed', 'cloudpickle': '3.1.2', 'deprecation': '2.1.0', 'xxhash': '3.7.0', 'wurlitzer': 'Not installed'}, 'python': {'version': '3.11.9', 'machine': 'AMD64'}}
pickle: {'deps_info': {'pip': '24.1.2', 'setuptools': '75.2.0', 'pycaret': '3.3.2', 'IPython': '7.34.0', 'ipywidgets': '7.7.1', 'tqdm': '4.67.1', 'numpy': '1.26.4', 'pandas': '2.1.4', 'jinja2': '3.1.6', 'scipy': '1.11.4', 'joblib': '1.3.2', 'sklearn': '1.2.2', 'pyod': '3.4.0', 'imblearn': '0.14.1', 'category_encoders': '2.7.0', 'lightgbm': '4.5.0', 'numba': '0.60.0', 'requests': '2.32.3', 'matplotlib': '3.7.5', 'scikitplot': '0.3.7', 'yellowbrick': '1.5', 'plotly': '5.24.1', 'plotly-resampler': 'Not installed', 'kaleido': '1.3.0', 'schemdraw': '0.15', 'statsmodels': '0.14.5', 'sktime': '0.26.0', 'tbats': '1.1.3', 'pmdarima': '2.0.4', 'psutil': '5.9.5', 'markupsafe': '2.0.1', 'pickle5': 'Not installed', 'cloudpickle': '3.1.1', 'deprecation': '2.1.0', 'xxhash': '3.5.0', 'wurlitzer': '3.1.1'}, 'python': {'version': '3.11.13', 'machine': 'x86_64'}}
  warnings.warn(

2026-06-01 23:02:22,090:INFO:Transformation Pipeline and Model Successfully Loaded
2026-06-01 23:02:22,136:INFO:Initializing predict_model()
2026-06-01 23:02:22,136:INFO:predict_model(self=<pycaret.classification.oop.ClassificationExperiment object at 0x000002C6662E4910>, estimator=Pipeline(memory=Memory(location=None),
         steps=[('numerical_imputer',
                 TransformerWrapper(include=['PC1', 'PC2', 'PC3', 'PC4', 'PC5',
                                             'PC6', 'PC7', 'PC8', 'PC9', 'PC10',
                                             'PC11', 'PC12', 'PC13'],
                                    transformer=SimpleImputer())),
                ('categorical_imputer',
                 TransformerWrapper(include=[],
                                    transformer=SimpleImputer(strategy='most_frequent'))),
                ('balance',
                 TransformerWrapper(transformer=FixImbalancer(estimator=RandomUnderSampler(random_state=42)))),
                ('actual_estimator',
                 RandomForestClassifier(n_jobs=-1, random_state=42))]), probability_threshold=None, encoded_labels=False, raw_score=False, round=4, verbose=True, ml_usecase=None, preprocess=True, encode_labels=<function _SupervisedExperiment.predict_model.<locals>.encode_labels at 0x000002C665DA2840>)
2026-06-01 23:02:22,136:INFO:Checking exceptions
2026-06-01 23:02:22,136:INFO:Preloading libraries
2026-06-01 23:02:22,136:INFO:Set up data.
2026-06-01 23:02:22,154:INFO:Set up index.
2026-06-01 23:03:24,403:INFO:Initializing load_model()
2026-06-01 23:03:24,409:INFO:load_model(model_name=best_automl_ghosting_pipeline, platform=None, authentication=None, verbose=True)
2026-06-01 23:03:24,792:WARNING:C:\Users\Surface Laptop 3\AppData\Local\Programs\Python\Python311\Lib\site-packages\pycaret\internal\pipeline.py:148: UserWarning: Version mismatch:
current: {'deps_info': {'pip': '24.0', 'setuptools': '65.5.0', 'pycaret': '3.3.2', 'IPython': '9.14.0', 'ipywidgets': '8.1.8', 'tqdm': '4.67.3', 'numpy': '1.26.4', 'pandas': '2.1.4', 'jinja2': '3.1.6', 'scipy': '1.11.4', 'joblib': '1.3.2', 'sklearn': '1.4.2', 'pyod': '3.4.0', 'imblearn': '0.14.1', 'category_encoders': '2.7.0', 'lightgbm': '4.6.0', 'numba': '0.65.1', 'requests': '2.34.2', 'matplotlib': '3.7.5', 'scikitplot': '0.3.7', 'yellowbrick': '1.5', 'plotly': '6.7.0', 'plotly-resampler': 'Not installed', 'kaleido': '1.3.0', 'schemdraw': '0.15', 'statsmodels': '0.14.6', 'sktime': '0.26.0', 'tbats': '1.1.3', 'pmdarima': '2.0.4', 'psutil': '7.2.2', 'markupsafe': '3.0.3', 'pickle5': 'Not installed', 'cloudpickle': '3.1.2', 'deprecation': '2.1.0', 'xxhash': '3.7.0', 'wurlitzer': 'Not installed'}, 'python': {'version': '3.11.9', 'machine': 'AMD64'}}
pickle: {'deps_info': {'pip': '24.1.2', 'setuptools': '75.2.0', 'pycaret': '3.3.2', 'IPython': '7.34.0', 'ipywidgets': '7.7.1', 'tqdm': '4.67.1', 'numpy': '1.26.4', 'pandas': '2.1.4', 'jinja2': '3.1.6', 'scipy': '1.11.4', 'joblib': '1.3.2', 'sklearn': '1.2.2', 'pyod': '3.4.0', 'imblearn': '0.14.1', 'category_encoders': '2.7.0', 'lightgbm': '4.5.0', 'numba': '0.60.0', 'requests': '2.32.3', 'matplotlib': '3.7.5', 'scikitplot': '0.3.7', 'yellowbrick': '1.5', 'plotly': '5.24.1', 'plotly-resampler': 'Not installed', 'kaleido': '1.3.0', 'schemdraw': '0.15', 'statsmodels': '0.14.5', 'sktime': '0.26.0', 'tbats': '1.1.3', 'pmdarima': '2.0.4', 'psutil': '5.9.5', 'markupsafe': '2.0.1', 'pickle5': 'Not installed', 'cloudpickle': '3.1.1', 'deprecation': '2.1.0', 'xxhash': '3.5.0', 'wurlitzer': '3.1.1'}, 'python': {'version': '3.11.13', 'machine': 'x86_64'}}
  warnings.warn(

2026-06-01 23:03:24,792:INFO:Transformation Pipeline and Model Successfully Loaded
2026-06-01 23:08:16,801:INFO:Initializing load_model()
2026-06-01 23:08:16,802:INFO:load_model(model_name=best_automl_ghosting_pipeline, platform=None, authentication=None, verbose=True)
2026-06-01 23:08:17,150:WARNING:C:\Users\Surface Laptop 3\AppData\Local\Programs\Python\Python311\Lib\site-packages\pycaret\internal\pipeline.py:148: UserWarning: Version mismatch:
current: {'deps_info': {'pip': '24.0', 'setuptools': '65.5.0', 'pycaret': '3.3.2', 'IPython': '9.14.0', 'ipywidgets': '8.1.8', 'tqdm': '4.67.3', 'numpy': '1.26.4', 'pandas': '2.1.4', 'jinja2': '3.1.6', 'scipy': '1.11.4', 'joblib': '1.3.2', 'sklearn': '1.4.2', 'pyod': '3.4.0', 'imblearn': '0.14.1', 'category_encoders': '2.7.0', 'lightgbm': '4.6.0', 'numba': '0.65.1', 'requests': '2.34.2', 'matplotlib': '3.7.5', 'scikitplot': '0.3.7', 'yellowbrick': '1.5', 'plotly': '6.7.0', 'plotly-resampler': 'Not installed', 'kaleido': '1.3.0', 'schemdraw': '0.15', 'statsmodels': '0.14.6', 'sktime': '0.26.0', 'tbats': '1.1.3', 'pmdarima': '2.0.4', 'psutil': '7.2.2', 'markupsafe': '3.0.3', 'pickle5': 'Not installed', 'cloudpickle': '3.1.2', 'deprecation': '2.1.0', 'xxhash': '3.7.0', 'wurlitzer': 'Not installed'}, 'python': {'version': '3.11.9', 'machine': 'AMD64'}}
pickle: {'deps_info': {'pip': '24.1.2', 'setuptools': '75.2.0', 'pycaret': '3.3.2', 'IPython': '7.34.0', 'ipywidgets': '7.7.1', 'tqdm': '4.67.1', 'numpy': '1.26.4', 'pandas': '2.1.4', 'jinja2': '3.1.6', 'scipy': '1.11.4', 'joblib': '1.3.2', 'sklearn': '1.2.2', 'pyod': '3.4.0', 'imblearn': '0.14.1', 'category_encoders': '2.7.0', 'lightgbm': '4.5.0', 'numba': '0.60.0', 'requests': '2.32.3', 'matplotlib': '3.7.5', 'scikitplot': '0.3.7', 'yellowbrick': '1.5', 'plotly': '5.24.1', 'plotly-resampler': 'Not installed', 'kaleido': '1.3.0', 'schemdraw': '0.15', 'statsmodels': '0.14.5', 'sktime': '0.26.0', 'tbats': '1.1.3', 'pmdarima': '2.0.4', 'psutil': '5.9.5', 'markupsafe': '2.0.1', 'pickle5': 'Not installed', 'cloudpickle': '3.1.1', 'deprecation': '2.1.0', 'xxhash': '3.5.0', 'wurlitzer': '3.1.1'}, 'python': {'version': '3.11.13', 'machine': 'x86_64'}}
  warnings.warn(

2026-06-01 23:08:17,152:INFO:Transformation Pipeline and Model Successfully Loaded
2026-06-01 23:11:44,790:INFO:Initializing load_model()
2026-06-01 23:11:44,791:INFO:load_model(model_name=best_automl_ghosting_pipeline, platform=None, authentication=None, verbose=True)
2026-06-01 23:11:45,097:WARNING:C:\Users\Surface Laptop 3\AppData\Local\Programs\Python\Python311\Lib\site-packages\pycaret\internal\pipeline.py:148: UserWarning: Version mismatch:
current: {'deps_info': {'pip': '24.0', 'setuptools': '65.5.0', 'pycaret': '3.3.2', 'IPython': '9.14.0', 'ipywidgets': '8.1.8', 'tqdm': '4.67.3', 'numpy': '1.26.4', 'pandas': '2.1.4', 'jinja2': '3.1.6', 'scipy': '1.11.4', 'joblib': '1.3.2', 'sklearn': '1.4.2', 'pyod': '3.4.0', 'imblearn': '0.14.1', 'category_encoders': '2.7.0', 'lightgbm': '4.6.0', 'numba': '0.65.1', 'requests': '2.34.2', 'matplotlib': '3.7.5', 'scikitplot': '0.3.7', 'yellowbrick': '1.5', 'plotly': '6.7.0', 'plotly-resampler': 'Not installed', 'kaleido': '1.3.0', 'schemdraw': '0.15', 'statsmodels': '0.14.6', 'sktime': '0.26.0', 'tbats': '1.1.3', 'pmdarima': '2.0.4', 'psutil': '7.2.2', 'markupsafe': '3.0.3', 'pickle5': 'Not installed', 'cloudpickle': '3.1.2', 'deprecation': '2.1.0', 'xxhash': '3.7.0', 'wurlitzer': 'Not installed'}, 'python': {'version': '3.11.9', 'machine': 'AMD64'}}
pickle: {'deps_info': {'pip': '24.1.2', 'setuptools': '75.2.0', 'pycaret': '3.3.2', 'IPython': '7.34.0', 'ipywidgets': '7.7.1', 'tqdm': '4.67.1', 'numpy': '1.26.4', 'pandas': '2.1.4', 'jinja2': '3.1.6', 'scipy': '1.11.4', 'joblib': '1.3.2', 'sklearn': '1.2.2', 'pyod': '3.4.0', 'imblearn': '0.14.1', 'category_encoders': '2.7.0', 'lightgbm': '4.5.0', 'numba': '0.60.0', 'requests': '2.32.3', 'matplotlib': '3.7.5', 'scikitplot': '0.3.7', 'yellowbrick': '1.5', 'plotly': '5.24.1', 'plotly-resampler': 'Not installed', 'kaleido': '1.3.0', 'schemdraw': '0.15', 'statsmodels': '0.14.5', 'sktime': '0.26.0', 'tbats': '1.1.3', 'pmdarima': '2.0.4', 'psutil': '5.9.5', 'markupsafe': '2.0.1', 'pickle5': 'Not installed', 'cloudpickle': '3.1.1', 'deprecation': '2.1.0', 'xxhash': '3.5.0', 'wurlitzer': '3.1.1'}, 'python': {'version': '3.11.13', 'machine': 'x86_64'}}
  warnings.warn(

2026-06-01 23:11:45,104:INFO:Transformation Pipeline and Model Successfully Loaded
2026-06-01 23:11:45,168:INFO:Initializing predict_model()
2026-06-01 23:11:45,168:INFO:predict_model(self=<pycaret.classification.oop.ClassificationExperiment object at 0x000002C60AC1A9D0>, estimator=Pipeline(memory=Memory(location=None),
         steps=[('numerical_imputer',
                 TransformerWrapper(include=['PC1', 'PC2', 'PC3', 'PC4', 'PC5',
                                             'PC6', 'PC7', 'PC8', 'PC9', 'PC10',
                                             'PC11', 'PC12', 'PC13'],
                                    transformer=SimpleImputer())),
                ('categorical_imputer',
                 TransformerWrapper(include=[],
                                    transformer=SimpleImputer(strategy='most_frequent'))),
                ('balance',
                 TransformerWrapper(transformer=FixImbalancer(estimator=RandomUnderSampler(random_state=42)))),
                ('actual_estimator',
                 RandomForestClassifier(n_jobs=-1, random_state=42))]), probability_threshold=None, encoded_labels=False, raw_score=False, round=4, verbose=True, ml_usecase=None, preprocess=True, encode_labels=<function _SupervisedExperiment.predict_model.<locals>.encode_labels at 0x000002C60AC3B420>)
2026-06-01 23:11:45,168:INFO:Checking exceptions
2026-06-01 23:11:45,168:INFO:Preloading libraries
2026-06-01 23:11:45,170:INFO:Set up data.
2026-06-01 23:11:45,183:INFO:Set up index.
2026-06-01 23:14:02,946:INFO:Initializing load_model()
2026-06-01 23:14:02,946:INFO:load_model(model_name=best_automl_ghosting_pipeline, platform=None, authentication=None, verbose=True)
2026-06-01 23:14:03,269:WARNING:C:\Users\Surface Laptop 3\AppData\Local\Programs\Python\Python311\Lib\site-packages\pycaret\internal\pipeline.py:148: UserWarning: Version mismatch:
current: {'deps_info': {'pip': '24.0', 'setuptools': '65.5.0', 'pycaret': '3.3.2', 'IPython': '9.14.0', 'ipywidgets': '8.1.8', 'tqdm': '4.67.3', 'numpy': '1.26.4', 'pandas': '2.1.4', 'jinja2': '3.1.6', 'scipy': '1.11.4', 'joblib': '1.3.2', 'sklearn': '1.4.2', 'pyod': '3.4.0', 'imblearn': '0.14.1', 'category_encoders': '2.7.0', 'lightgbm': '4.6.0', 'numba': '0.65.1', 'requests': '2.34.2', 'matplotlib': '3.7.5', 'scikitplot': '0.3.7', 'yellowbrick': '1.5', 'plotly': '6.7.0', 'plotly-resampler': 'Not installed', 'kaleido': '1.3.0', 'schemdraw': '0.15', 'statsmodels': '0.14.6', 'sktime': '0.26.0', 'tbats': '1.1.3', 'pmdarima': '2.0.4', 'psutil': '7.2.2', 'markupsafe': '3.0.3', 'pickle5': 'Not installed', 'cloudpickle': '3.1.2', 'deprecation': '2.1.0', 'xxhash': '3.7.0', 'wurlitzer': 'Not installed'}, 'python': {'version': '3.11.9', 'machine': 'AMD64'}}
pickle: {'deps_info': {'pip': '24.1.2', 'setuptools': '75.2.0', 'pycaret': '3.3.2', 'IPython': '7.34.0', 'ipywidgets': '7.7.1', 'tqdm': '4.67.1', 'numpy': '1.26.4', 'pandas': '2.1.4', 'jinja2': '3.1.6', 'scipy': '1.11.4', 'joblib': '1.3.2', 'sklearn': '1.2.2', 'pyod': '3.4.0', 'imblearn': '0.14.1', 'category_encoders': '2.7.0', 'lightgbm': '4.5.0', 'numba': '0.60.0', 'requests': '2.32.3', 'matplotlib': '3.7.5', 'scikitplot': '0.3.7', 'yellowbrick': '1.5', 'plotly': '5.24.1', 'plotly-resampler': 'Not installed', 'kaleido': '1.3.0', 'schemdraw': '0.15', 'statsmodels': '0.14.5', 'sktime': '0.26.0', 'tbats': '1.1.3', 'pmdarima': '2.0.4', 'psutil': '5.9.5', 'markupsafe': '2.0.1', 'pickle5': 'Not installed', 'cloudpickle': '3.1.1', 'deprecation': '2.1.0', 'xxhash': '3.5.0', 'wurlitzer': '3.1.1'}, 'python': {'version': '3.11.13', 'machine': 'x86_64'}}
  warnings.warn(

2026-06-01 23:14:03,269:INFO:Transformation Pipeline and Model Successfully Loaded
2026-06-01 23:14:10,257:INFO:Initializing load_model()
2026-06-01 23:14:10,265:INFO:load_model(model_name=best_automl_ghosting_pipeline, platform=None, authentication=None, verbose=True)
2026-06-01 23:14:10,567:WARNING:C:\Users\Surface Laptop 3\AppData\Local\Programs\Python\Python311\Lib\site-packages\pycaret\internal\pipeline.py:148: UserWarning: Version mismatch:
current: {'deps_info': {'pip': '24.0', 'setuptools': '65.5.0', 'pycaret': '3.3.2', 'IPython': '9.14.0', 'ipywidgets': '8.1.8', 'tqdm': '4.67.3', 'numpy': '1.26.4', 'pandas': '2.1.4', 'jinja2': '3.1.6', 'scipy': '1.11.4', 'joblib': '1.3.2', 'sklearn': '1.4.2', 'pyod': '3.4.0', 'imblearn': '0.14.1', 'category_encoders': '2.7.0', 'lightgbm': '4.6.0', 'numba': '0.65.1', 'requests': '2.34.2', 'matplotlib': '3.7.5', 'scikitplot': '0.3.7', 'yellowbrick': '1.5', 'plotly': '6.7.0', 'plotly-resampler': 'Not installed', 'kaleido': '1.3.0', 'schemdraw': '0.15', 'statsmodels': '0.14.6', 'sktime': '0.26.0', 'tbats': '1.1.3', 'pmdarima': '2.0.4', 'psutil': '7.2.2', 'markupsafe': '3.0.3', 'pickle5': 'Not installed', 'cloudpickle': '3.1.2', 'deprecation': '2.1.0', 'xxhash': '3.7.0', 'wurlitzer': 'Not installed'}, 'python': {'version': '3.11.9', 'machine': 'AMD64'}}
pickle: {'deps_info': {'pip': '24.1.2', 'setuptools': '75.2.0', 'pycaret': '3.3.2', 'IPython': '7.34.0', 'ipywidgets': '7.7.1', 'tqdm': '4.67.1', 'numpy': '1.26.4', 'pandas': '2.1.4', 'jinja2': '3.1.6', 'scipy': '1.11.4', 'joblib': '1.3.2', 'sklearn': '1.2.2', 'pyod': '3.4.0', 'imblearn': '0.14.1', 'category_encoders': '2.7.0', 'lightgbm': '4.5.0', 'numba': '0.60.0', 'requests': '2.32.3', 'matplotlib': '3.7.5', 'scikitplot': '0.3.7', 'yellowbrick': '1.5', 'plotly': '5.24.1', 'plotly-resampler': 'Not installed', 'kaleido': '1.3.0', 'schemdraw': '0.15', 'statsmodels': '0.14.5', 'sktime': '0.26.0', 'tbats': '1.1.3', 'pmdarima': '2.0.4', 'psutil': '5.9.5', 'markupsafe': '2.0.1', 'pickle5': 'Not installed', 'cloudpickle': '3.1.1', 'deprecation': '2.1.0', 'xxhash': '3.5.0', 'wurlitzer': '3.1.1'}, 'python': {'version': '3.11.13', 'machine': 'x86_64'}}
  warnings.warn(

2026-06-01 23:14:10,567:INFO:Transformation Pipeline and Model Successfully Loaded
2026-06-02 01:42:19,426:WARNING:
'cuml' is a soft dependency and not included in the pycaret installation. Please run: `pip install cuml` to install.
2026-06-02 01:42:19,426:WARNING:
'cuml' is a soft dependency and not included in the pycaret installation. Please run: `pip install cuml` to install.
2026-06-02 01:42:19,431:WARNING:
'cuml' is a soft dependency and not included in the pycaret installation. Please run: `pip install cuml` to install.
2026-06-02 01:42:19,431:WARNING:
'cuml' is a soft dependency and not included in the pycaret installation. Please run: `pip install cuml` to install.
2026-06-02 01:42:26,916:INFO:Initializing load_model()
2026-06-02 01:42:26,916:INFO:load_model(model_name=best_automl_ghosting_pipeline, platform=None, authentication=None, verbose=True)
2026-06-02 01:42:27,504:WARNING:C:\Users\Surface Laptop 3\AppData\Local\Programs\Python\Python311\Lib\site-packages\pycaret\internal\pipeline.py:148: UserWarning: Version mismatch:
current: {'deps_info': {'pip': '24.0', 'setuptools': '65.5.0', 'pycaret': '3.3.2', 'IPython': '9.14.0', 'ipywidgets': '8.1.8', 'tqdm': '4.67.3', 'numpy': '1.26.4', 'pandas': '2.1.4', 'jinja2': '3.1.6', 'scipy': '1.11.4', 'joblib': '1.3.2', 'sklearn': '1.4.2', 'pyod': '3.4.0', 'imblearn': '0.14.1', 'category_encoders': '2.7.0', 'lightgbm': '4.6.0', 'numba': '0.65.1', 'requests': '2.34.2', 'matplotlib': '3.7.5', 'scikitplot': '0.3.7', 'yellowbrick': '1.5', 'plotly': '6.7.0', 'plotly-resampler': 'Not installed', 'kaleido': '1.3.0', 'schemdraw': '0.15', 'statsmodels': '0.14.6', 'sktime': '0.26.0', 'tbats': '1.1.3', 'pmdarima': '2.0.4', 'psutil': '7.2.2', 'markupsafe': '3.0.3', 'pickle5': 'Not installed', 'cloudpickle': '3.1.2', 'deprecation': '2.1.0', 'xxhash': '3.7.0', 'wurlitzer': 'Not installed'}, 'python': {'version': '3.11.9', 'machine': 'AMD64'}}
pickle: {'deps_info': {'pip': '24.1.2', 'setuptools': '75.2.0', 'pycaret': '3.3.2', 'IPython': '7.34.0', 'ipywidgets': '7.7.1', 'tqdm': '4.67.1', 'numpy': '1.26.4', 'pandas': '2.1.4', 'jinja2': '3.1.6', 'scipy': '1.11.4', 'joblib': '1.3.2', 'sklearn': '1.2.2', 'pyod': '3.4.0', 'imblearn': '0.14.1', 'category_encoders': '2.7.0', 'lightgbm': '4.5.0', 'numba': '0.60.0', 'requests': '2.32.3', 'matplotlib': '3.7.5', 'scikitplot': '0.3.7', 'yellowbrick': '1.5', 'plotly': '5.24.1', 'plotly-resampler': 'Not installed', 'kaleido': '1.3.0', 'schemdraw': '0.15', 'statsmodels': '0.14.5', 'sktime': '0.26.0', 'tbats': '1.1.3', 'pmdarima': '2.0.4', 'psutil': '5.9.5', 'markupsafe': '2.0.1', 'pickle5': 'Not installed', 'cloudpickle': '3.1.1', 'deprecation': '2.1.0', 'xxhash': '3.5.0', 'wurlitzer': '3.1.1'}, 'python': {'version': '3.11.13', 'machine': 'x86_64'}}
  warnings.warn(

2026-06-02 01:48:21,501:INFO:Initializing load_model()
2026-06-02 01:48:21,503:INFO:load_model(model_name=best_automl_ghosting_pipeline, platform=None, authentication=None, verbose=True)
2026-06-02 01:48:21,880:WARNING:C:\Users\Surface Laptop 3\AppData\Local\Programs\Python\Python311\Lib\site-packages\pycaret\internal\pipeline.py:148: UserWarning: Version mismatch:
current: {'deps_info': {'pip': '24.0', 'setuptools': '65.5.0', 'pycaret': '3.3.2', 'IPython': '9.14.0', 'ipywidgets': '8.1.8', 'tqdm': '4.67.3', 'numpy': '1.26.4', 'pandas': '2.1.4', 'jinja2': '3.1.6', 'scipy': '1.11.4', 'joblib': '1.3.2', 'sklearn': '1.4.2', 'pyod': '3.4.0', 'imblearn': '0.14.1', 'category_encoders': '2.7.0', 'lightgbm': '4.6.0', 'numba': '0.65.1', 'requests': '2.34.2', 'matplotlib': '3.7.5', 'scikitplot': '0.3.7', 'yellowbrick': '1.5', 'plotly': '6.7.0', 'plotly-resampler': 'Not installed', 'kaleido': '1.3.0', 'schemdraw': '0.15', 'statsmodels': '0.14.6', 'sktime': '0.26.0', 'tbats': '1.1.3', 'pmdarima': '2.0.4', 'psutil': '7.2.2', 'markupsafe': '3.0.3', 'pickle5': 'Not installed', 'cloudpickle': '3.1.2', 'deprecation': '2.1.0', 'xxhash': '3.7.0', 'wurlitzer': 'Not installed'}, 'python': {'version': '3.11.9', 'machine': 'AMD64'}}
pickle: {'deps_info': {'pip': '24.1.2', 'setuptools': '75.2.0', 'pycaret': '3.3.2', 'IPython': '7.34.0', 'ipywidgets': '7.7.1', 'tqdm': '4.67.1', 'numpy': '1.26.4', 'pandas': '2.1.4', 'jinja2': '3.1.6', 'scipy': '1.11.4', 'joblib': '1.3.2', 'sklearn': '1.2.2', 'pyod': '3.4.0', 'imblearn': '0.14.1', 'category_encoders': '2.7.0', 'lightgbm': '4.5.0', 'numba': '0.60.0', 'requests': '2.32.3', 'matplotlib': '3.7.5', 'scikitplot': '0.3.7', 'yellowbrick': '1.5', 'plotly': '5.24.1', 'plotly-resampler': 'Not installed', 'kaleido': '1.3.0', 'schemdraw': '0.15', 'statsmodels': '0.14.5', 'sktime': '0.26.0', 'tbats': '1.1.3', 'pmdarima': '2.0.4', 'psutil': '5.9.5', 'markupsafe': '2.0.1', 'pickle5': 'Not installed', 'cloudpickle': '3.1.1', 'deprecation': '2.1.0', 'xxhash': '3.5.0', 'wurlitzer': '3.1.1'}, 'python': {'version': '3.11.13', 'machine': 'x86_64'}}
  warnings.warn(

2026-06-02 01:49:22,195:INFO:Initializing load_model()
2026-06-02 01:49:22,195:INFO:load_model(model_name=best_automl_ghosting_pipeline, platform=None, authentication=None, verbose=True)
2026-06-02 01:49:22,642:INFO:Initializing predict_model()
2026-06-02 01:49:22,642:INFO:predict_model(self=<pycaret.classification.oop.ClassificationExperiment object at 0x000001B1A4B9ACD0>, estimator=Pipeline(memory=Memory(location=None),
         steps=[('numerical_imputer',
                 TransformerWrapper(include=['PC1', 'PC2', 'PC3', 'PC4', 'PC5',
                                             'PC6', 'PC7', 'PC8', 'PC9', 'PC10',
                                             'PC11', 'PC12', 'PC13'],
                                    transformer=SimpleImputer())),
                ('categorical_imputer',
                 TransformerWrapper(include=[],
                                    transformer=SimpleImputer(strategy='most_frequent'))),
                ('balance',
                 TransformerWrapper(transformer=FixImbalancer(estimator=RandomUnderSampler(random_state=42)))),
                ('actual_estimator',
                 RandomForestClassifier(n_jobs=-1, random_state=42))]), probability_threshold=None, encoded_labels=False, raw_score=False, round=4, verbose=True, ml_usecase=None, preprocess=True, encode_labels=<function _SupervisedExperiment.predict_model.<locals>.encode_labels at 0x000001B1CB3CE2A0>)
2026-06-02 01:49:22,642:INFO:Checking exceptions
2026-06-02 01:49:22,642:INFO:Preloading libraries
2026-06-02 01:49:22,644:INFO:Set up data.
2026-06-02 01:49:22,664:INFO:Set up index.
2026-06-02 10:29:02,066:WARNING:
'cuml' is a soft dependency and not included in the pycaret installation. Please run: `pip install cuml` to install.
2026-06-02 10:29:02,068:WARNING:
'cuml' is a soft dependency and not included in the pycaret installation. Please run: `pip install cuml` to install.
2026-06-02 10:29:02,068:WARNING:
'cuml' is a soft dependency and not included in the pycaret installation. Please run: `pip install cuml` to install.
2026-06-02 10:29:02,068:WARNING:
'cuml' is a soft dependency and not included in the pycaret installation. Please run: `pip install cuml` to install.
2026-06-02 10:29:06,407:INFO:Initializing load_model()
2026-06-02 10:29:06,407:INFO:load_model(model_name=best_automl_ghosting_pipeline, platform=None, authentication=None, verbose=True)
2026-06-02 10:29:06,921:WARNING:C:\Users\Surface Laptop 3\AppData\Local\Programs\Python\Python311\Lib\site-packages\pycaret\internal\pipeline.py:148: UserWarning: Version mismatch:
current: {'deps_info': {'pip': '24.0', 'setuptools': '65.5.0', 'pycaret': '3.3.2', 'IPython': '9.14.0', 'ipywidgets': '8.1.8', 'tqdm': '4.67.3', 'numpy': '1.26.4', 'pandas': '2.1.4', 'jinja2': '3.1.6', 'scipy': '1.11.4', 'joblib': '1.3.2', 'sklearn': '1.4.2', 'pyod': '3.4.0', 'imblearn': '0.14.1', 'category_encoders': '2.7.0', 'lightgbm': '4.6.0', 'numba': '0.65.1', 'requests': '2.34.2', 'matplotlib': '3.7.5', 'scikitplot': '0.3.7', 'yellowbrick': '1.5', 'plotly': '6.7.0', 'plotly-resampler': 'Not installed', 'kaleido': '1.3.0', 'schemdraw': '0.15', 'statsmodels': '0.14.6', 'sktime': '0.26.0', 'tbats': '1.1.3', 'pmdarima': '2.0.4', 'psutil': '7.2.2', 'markupsafe': '3.0.3', 'pickle5': 'Not installed', 'cloudpickle': '3.1.2', 'deprecation': '2.1.0', 'xxhash': '3.7.0', 'wurlitzer': 'Not installed'}, 'python': {'version': '3.11.9', 'machine': 'AMD64'}}
pickle: {'deps_info': {'pip': '24.1.2', 'setuptools': '75.2.0', 'pycaret': '3.3.2', 'IPython': '7.34.0', 'ipywidgets': '7.7.1', 'tqdm': '4.67.1', 'numpy': '1.26.4', 'pandas': '2.1.4', 'jinja2': '3.1.6', 'scipy': '1.11.4', 'joblib': '1.3.2', 'sklearn': '1.2.2', 'pyod': '3.4.0', 'imblearn': '0.14.1', 'category_encoders': '2.7.0', 'lightgbm': '4.5.0', 'numba': '0.60.0', 'requests': '2.32.3', 'matplotlib': '3.7.5', 'scikitplot': '0.3.7', 'yellowbrick': '1.5', 'plotly': '5.24.1', 'plotly-resampler': 'Not installed', 'kaleido': '1.3.0', 'schemdraw': '0.15', 'statsmodels': '0.14.5', 'sktime': '0.26.0', 'tbats': '1.1.3', 'pmdarima': '2.0.4', 'psutil': '5.9.5', 'markupsafe': '2.0.1', 'pickle5': 'Not installed', 'cloudpickle': '3.1.1', 'deprecation': '2.1.0', 'xxhash': '3.5.0', 'wurlitzer': '3.1.1'}, 'python': {'version': '3.11.13', 'machine': 'x86_64'}}
  warnings.warn(

2026-06-02 10:29:20,122:INFO:Initializing load_model()
2026-06-02 10:29:20,122:INFO:load_model(model_name=best_automl_ghosting_pipeline, platform=None, authentication=None, verbose=True)
2026-06-02 10:29:20,626:INFO:Initializing predict_model()
2026-06-02 10:29:20,626:INFO:predict_model(self=<pycaret.classification.oop.ClassificationExperiment object at 0x0000025F89B225D0>, estimator=Pipeline(memory=Memory(location=None),
         steps=[('numerical_imputer',
                 TransformerWrapper(include=['PC1', 'PC2', 'PC3', 'PC4', 'PC5',
                                             'PC6', 'PC7', 'PC8', 'PC9', 'PC10',
                                             'PC11', 'PC12', 'PC13'],
                                    transformer=SimpleImputer())),
                ('categorical_imputer',
                 TransformerWrapper(include=[],
                                    transformer=SimpleImputer(strategy='most_frequent'))),
                ('balance',
                 TransformerWrapper(transformer=FixImbalancer(estimator=RandomUnderSampler(random_state=42)))),
                ('actual_estimator',
                 RandomForestClassifier(n_jobs=-1, random_state=42))]), probability_threshold=None, encoded_labels=False, raw_score=False, round=4, verbose=True, ml_usecase=None, preprocess=True, encode_labels=<function _SupervisedExperiment.predict_model.<locals>.encode_labels at 0x0000025F89AE8E00>)
2026-06-02 10:29:20,626:INFO:Checking exceptions
2026-06-02 10:29:20,626:INFO:Preloading libraries
2026-06-02 10:29:20,626:INFO:Set up data.
2026-06-02 10:29:20,651:INFO:Set up index.
2026-06-02 10:38:51,393:INFO:Initializing load_model()
2026-06-02 10:38:51,394:INFO:load_model(model_name=best_automl_ghosting_pipeline, platform=None, authentication=None, verbose=True)
2026-06-02 10:38:51,824:WARNING:C:\Users\Surface Laptop 3\AppData\Local\Programs\Python\Python311\Lib\site-packages\pycaret\internal\pipeline.py:148: UserWarning: Version mismatch:
current: {'deps_info': {'pip': '24.0', 'setuptools': '65.5.0', 'pycaret': '3.3.2', 'IPython': '9.14.0', 'ipywidgets': '8.1.8', 'tqdm': '4.67.3', 'numpy': '1.26.4', 'pandas': '2.1.4', 'jinja2': '3.1.6', 'scipy': '1.11.4', 'joblib': '1.3.2', 'sklearn': '1.4.2', 'pyod': '3.4.0', 'imblearn': '0.14.1', 'category_encoders': '2.7.0', 'lightgbm': '4.6.0', 'numba': '0.65.1', 'requests': '2.34.2', 'matplotlib': '3.7.5', 'scikitplot': '0.3.7', 'yellowbrick': '1.5', 'plotly': '6.7.0', 'plotly-resampler': 'Not installed', 'kaleido': '1.3.0', 'schemdraw': '0.15', 'statsmodels': '0.14.6', 'sktime': '0.26.0', 'tbats': '1.1.3', 'pmdarima': '2.0.4', 'psutil': '7.2.2', 'markupsafe': '3.0.3', 'pickle5': 'Not installed', 'cloudpickle': '3.1.2', 'deprecation': '2.1.0', 'xxhash': '3.7.0', 'wurlitzer': 'Not installed'}, 'python': {'version': '3.11.9', 'machine': 'AMD64'}}
pickle: {'deps_info': {'pip': '24.1.2', 'setuptools': '75.2.0', 'pycaret': '3.3.2', 'IPython': '7.34.0', 'ipywidgets': '7.7.1', 'tqdm': '4.67.1', 'numpy': '1.26.4', 'pandas': '2.1.4', 'jinja2': '3.1.6', 'scipy': '1.11.4', 'joblib': '1.3.2', 'sklearn': '1.2.2', 'pyod': '3.4.0', 'imblearn': '0.14.1', 'category_encoders': '2.7.0', 'lightgbm': '4.5.0', 'numba': '0.60.0', 'requests': '2.32.3', 'matplotlib': '3.7.5', 'scikitplot': '0.3.7', 'yellowbrick': '1.5', 'plotly': '5.24.1', 'plotly-resampler': 'Not installed', 'kaleido': '1.3.0', 'schemdraw': '0.15', 'statsmodels': '0.14.5', 'sktime': '0.26.0', 'tbats': '1.1.3', 'pmdarima': '2.0.4', 'psutil': '5.9.5', 'markupsafe': '2.0.1', 'pickle5': 'Not installed', 'cloudpickle': '3.1.1', 'deprecation': '2.1.0', 'xxhash': '3.5.0', 'wurlitzer': '3.1.1'}, 'python': {'version': '3.11.13', 'machine': 'x86_64'}}
  warnings.warn(

2026-06-02 10:39:08,619:INFO:Initializing load_model()
2026-06-02 10:39:08,619:INFO:load_model(model_name=best_automl_ghosting_pipeline, platform=None, authentication=None, verbose=True)
2026-06-02 10:39:09,108:INFO:Initializing predict_model()
2026-06-02 10:39:09,108:INFO:predict_model(self=<pycaret.classification.oop.ClassificationExperiment object at 0x0000025F89C1A950>, estimator=Pipeline(memory=Memory(location=None),
         steps=[('numerical_imputer',
                 TransformerWrapper(include=['PC1', 'PC2', 'PC3', 'PC4', 'PC5',
                                             'PC6', 'PC7', 'PC8', 'PC9', 'PC10',
                                             'PC11', 'PC12', 'PC13'],
                                    transformer=SimpleImputer())),
                ('categorical_imputer',
                 TransformerWrapper(include=[],
                                    transformer=SimpleImputer(strategy='most_frequent'))),
                ('balance',
                 TransformerWrapper(transformer=FixImbalancer(estimator=RandomUnderSampler(random_state=42)))),
                ('actual_estimator',
                 RandomForestClassifier(n_jobs=-1, random_state=42))]), probability_threshold=None, encoded_labels=False, raw_score=False, round=4, verbose=True, ml_usecase=None, preprocess=True, encode_labels=<function _SupervisedExperiment.predict_model.<locals>.encode_labels at 0x0000025F92BFAA20>)
2026-06-02 10:39:09,108:INFO:Checking exceptions
2026-06-02 10:39:09,108:INFO:Preloading libraries
2026-06-02 10:39:09,113:INFO:Set up data.
2026-06-02 10:39:09,130:INFO:Set up index.
2026-06-02 10:43:05,723:INFO:Initializing load_model()
2026-06-02 10:43:05,724:INFO:load_model(model_name=best_automl_ghosting_pipeline, platform=None, authentication=None, verbose=True)
2026-06-02 10:43:06,168:WARNING:C:\Users\Surface Laptop 3\AppData\Local\Programs\Python\Python311\Lib\site-packages\pycaret\internal\pipeline.py:148: UserWarning: Version mismatch:
current: {'deps_info': {'pip': '24.0', 'setuptools': '65.5.0', 'pycaret': '3.3.2', 'IPython': '9.14.0', 'ipywidgets': '8.1.8', 'tqdm': '4.67.3', 'numpy': '1.26.4', 'pandas': '2.1.4', 'jinja2': '3.1.6', 'scipy': '1.11.4', 'joblib': '1.3.2', 'sklearn': '1.4.2', 'pyod': '3.4.0', 'imblearn': '0.14.1', 'category_encoders': '2.7.0', 'lightgbm': '4.6.0', 'numba': '0.65.1', 'requests': '2.34.2', 'matplotlib': '3.7.5', 'scikitplot': '0.3.7', 'yellowbrick': '1.5', 'plotly': '6.7.0', 'plotly-resampler': 'Not installed', 'kaleido': '1.3.0', 'schemdraw': '0.15', 'statsmodels': '0.14.6', 'sktime': '0.26.0', 'tbats': '1.1.3', 'pmdarima': '2.0.4', 'psutil': '7.2.2', 'markupsafe': '3.0.3', 'pickle5': 'Not installed', 'cloudpickle': '3.1.2', 'deprecation': '2.1.0', 'xxhash': '3.7.0', 'wurlitzer': 'Not installed'}, 'python': {'version': '3.11.9', 'machine': 'AMD64'}}
pickle: {'deps_info': {'pip': '24.1.2', 'setuptools': '75.2.0', 'pycaret': '3.3.2', 'IPython': '7.34.0', 'ipywidgets': '7.7.1', 'tqdm': '4.67.1', 'numpy': '1.26.4', 'pandas': '2.1.4', 'jinja2': '3.1.6', 'scipy': '1.11.4', 'joblib': '1.3.2', 'sklearn': '1.2.2', 'pyod': '3.4.0', 'imblearn': '0.14.1', 'category_encoders': '2.7.0', 'lightgbm': '4.5.0', 'numba': '0.60.0', 'requests': '2.32.3', 'matplotlib': '3.7.5', 'scikitplot': '0.3.7', 'yellowbrick': '1.5', 'plotly': '5.24.1', 'plotly-resampler': 'Not installed', 'kaleido': '1.3.0', 'schemdraw': '0.15', 'statsmodels': '0.14.5', 'sktime': '0.26.0', 'tbats': '1.1.3', 'pmdarima': '2.0.4', 'psutil': '5.9.5', 'markupsafe': '2.0.1', 'pickle5': 'Not installed', 'cloudpickle': '3.1.1', 'deprecation': '2.1.0', 'xxhash': '3.5.0', 'wurlitzer': '3.1.1'}, 'python': {'version': '3.11.13', 'machine': 'x86_64'}}
  warnings.warn(

2026-06-02 10:50:22,068:INFO:Initializing load_model()
2026-06-02 10:50:22,068:INFO:load_model(model_name=best_automl_ghosting_pipeline, platform=None, authentication=None, verbose=True)
2026-06-02 10:50:22,658:INFO:Initializing predict_model()
2026-06-02 10:50:22,658:INFO:predict_model(self=<pycaret.classification.oop.ClassificationExperiment object at 0x0000025F89C73410>, estimator=Pipeline(memory=Memory(location=None),
         steps=[('numerical_imputer',
                 TransformerWrapper(include=['PC1', 'PC2', 'PC3', 'PC4', 'PC5',
                                             'PC6', 'PC7', 'PC8', 'PC9', 'PC10',
                                             'PC11', 'PC12', 'PC13'],
                                    transformer=SimpleImputer())),
                ('categorical_imputer',
                 TransformerWrapper(include=[],
                                    transformer=SimpleImputer(strategy='most_frequent'))),
                ('balance',
                 TransformerWrapper(transformer=FixImbalancer(estimator=RandomUnderSampler(random_state=42)))),
                ('actual_estimator',
                 RandomForestClassifier(n_jobs=-1, random_state=42))]), probability_threshold=None, encoded_labels=False, raw_score=False, round=4, verbose=True, ml_usecase=None, preprocess=True, encode_labels=<function _SupervisedExperiment.predict_model.<locals>.encode_labels at 0x0000025FDFC7D9E0>)
2026-06-02 10:50:22,658:INFO:Checking exceptions
2026-06-02 10:50:22,658:INFO:Preloading libraries
2026-06-02 10:50:22,661:INFO:Set up data.
2026-06-02 10:50:22,683:INFO:Set up index.
2026-06-02 10:51:47,342:WARNING:
'cuml' is a soft dependency and not included in the pycaret installation. Please run: `pip install cuml` to install.
2026-06-02 10:51:47,342:WARNING:
'cuml' is a soft dependency and not included in the pycaret installation. Please run: `pip install cuml` to install.
2026-06-02 10:51:47,342:WARNING:
'cuml' is a soft dependency and not included in the pycaret installation. Please run: `pip install cuml` to install.
2026-06-02 10:51:47,342:WARNING:
'cuml' is a soft dependency and not included in the pycaret installation. Please run: `pip install cuml` to install.
2026-06-02 10:51:55,310:INFO:Initializing load_model()
2026-06-02 10:51:55,312:INFO:load_model(model_name=best_automl_ghosting_pipeline, platform=None, authentication=None, verbose=True)
2026-06-02 10:51:55,716:WARNING:C:\Users\Surface Laptop 3\AppData\Local\Programs\Python\Python311\Lib\site-packages\pycaret\internal\pipeline.py:148: UserWarning: Version mismatch:
current: {'deps_info': {'pip': '24.0', 'setuptools': '65.5.0', 'pycaret': '3.3.2', 'IPython': '9.14.0', 'ipywidgets': '8.1.8', 'tqdm': '4.67.3', 'numpy': '1.26.4', 'pandas': '2.1.4', 'jinja2': '3.1.6', 'scipy': '1.11.4', 'joblib': '1.3.2', 'sklearn': '1.4.2', 'pyod': '3.4.0', 'imblearn': '0.14.1', 'category_encoders': '2.7.0', 'lightgbm': '4.6.0', 'numba': '0.65.1', 'requests': '2.34.2', 'matplotlib': '3.7.5', 'scikitplot': '0.3.7', 'yellowbrick': '1.5', 'plotly': '6.7.0', 'plotly-resampler': 'Not installed', 'kaleido': '1.3.0', 'schemdraw': '0.15', 'statsmodels': '0.14.6', 'sktime': '0.26.0', 'tbats': '1.1.3', 'pmdarima': '2.0.4', 'psutil': '7.2.2', 'markupsafe': '3.0.3', 'pickle5': 'Not installed', 'cloudpickle': '3.1.2', 'deprecation': '2.1.0', 'xxhash': '3.7.0', 'wurlitzer': 'Not installed'}, 'python': {'version': '3.11.9', 'machine': 'AMD64'}}
pickle: {'deps_info': {'pip': '24.1.2', 'setuptools': '75.2.0', 'pycaret': '3.3.2', 'IPython': '7.34.0', 'ipywidgets': '7.7.1', 'tqdm': '4.67.1', 'numpy': '1.26.4', 'pandas': '2.1.4', 'jinja2': '3.1.6', 'scipy': '1.11.4', 'joblib': '1.3.2', 'sklearn': '1.2.2', 'pyod': '3.4.0', 'imblearn': '0.14.1', 'category_encoders': '2.7.0', 'lightgbm': '4.5.0', 'numba': '0.60.0', 'requests': '2.32.3', 'matplotlib': '3.7.5', 'scikitplot': '0.3.7', 'yellowbrick': '1.5', 'plotly': '5.24.1', 'plotly-resampler': 'Not installed', 'kaleido': '1.3.0', 'schemdraw': '0.15', 'statsmodels': '0.14.5', 'sktime': '0.26.0', 'tbats': '1.1.3', 'pmdarima': '2.0.4', 'psutil': '5.9.5', 'markupsafe': '2.0.1', 'pickle5': 'Not installed', 'cloudpickle': '3.1.1', 'deprecation': '2.1.0', 'xxhash': '3.5.0', 'wurlitzer': '3.1.1'}, 'python': {'version': '3.11.13', 'machine': 'x86_64'}}
  warnings.warn(

2026-06-02 12:56:17,744:WARNING:
'cuml' is a soft dependency and not included in the pycaret installation. Please run: `pip install cuml` to install.
2026-06-02 12:56:17,744:WARNING:
'cuml' is a soft dependency and not included in the pycaret installation. Please run: `pip install cuml` to install.
2026-06-02 12:56:17,744:WARNING:
'cuml' is a soft dependency and not included in the pycaret installation. Please run: `pip install cuml` to install.
2026-06-02 12:56:17,744:WARNING:
'cuml' is a soft dependency and not included in the pycaret installation. Please run: `pip install cuml` to install.
2026-06-02 12:56:26,862:INFO:Initializing load_model()
2026-06-02 12:56:26,863:INFO:load_model(model_name=best_automl_ghosting_pipeline, platform=None, authentication=None, verbose=True)
2026-06-02 12:56:27,299:WARNING:C:\Users\Surface Laptop 3\AppData\Local\Programs\Python\Python311\Lib\site-packages\pycaret\internal\pipeline.py:148: UserWarning: Version mismatch:
current: {'deps_info': {'pip': '24.0', 'setuptools': '65.5.0', 'pycaret': '3.3.2', 'IPython': '9.14.0', 'ipywidgets': '8.1.8', 'tqdm': '4.67.3', 'numpy': '1.26.4', 'pandas': '2.1.4', 'jinja2': '3.1.6', 'scipy': '1.11.4', 'joblib': '1.3.2', 'sklearn': '1.4.2', 'pyod': '3.4.0', 'imblearn': '0.14.1', 'category_encoders': '2.7.0', 'lightgbm': '4.6.0', 'numba': '0.65.1', 'requests': '2.34.2', 'matplotlib': '3.7.5', 'scikitplot': '0.3.7', 'yellowbrick': '1.5', 'plotly': '6.7.0', 'plotly-resampler': 'Not installed', 'kaleido': '1.3.0', 'schemdraw': '0.15', 'statsmodels': '0.14.6', 'sktime': '0.26.0', 'tbats': '1.1.3', 'pmdarima': '2.0.4', 'psutil': '7.2.2', 'markupsafe': '3.0.3', 'pickle5': 'Not installed', 'cloudpickle': '3.1.2', 'deprecation': '2.1.0', 'xxhash': '3.7.0', 'wurlitzer': 'Not installed'}, 'python': {'version': '3.11.9', 'machine': 'AMD64'}}
pickle: {'deps_info': {'pip': '24.1.2', 'setuptools': '75.2.0', 'pycaret': '3.3.2', 'IPython': '7.34.0', 'ipywidgets': '7.7.1', 'tqdm': '4.67.1', 'numpy': '1.26.4', 'pandas': '2.1.4', 'jinja2': '3.1.6', 'scipy': '1.11.4', 'joblib': '1.3.2', 'sklearn': '1.2.2', 'pyod': '3.4.0', 'imblearn': '0.14.1', 'category_encoders': '2.7.0', 'lightgbm': '4.5.0', 'numba': '0.60.0', 'requests': '2.32.3', 'matplotlib': '3.7.5', 'scikitplot': '0.3.7', 'yellowbrick': '1.5', 'plotly': '5.24.1', 'plotly-resampler': 'Not installed', 'kaleido': '1.3.0', 'schemdraw': '0.15', 'statsmodels': '0.14.5', 'sktime': '0.26.0', 'tbats': '1.1.3', 'pmdarima': '2.0.4', 'psutil': '5.9.5', 'markupsafe': '2.0.1', 'pickle5': 'Not installed', 'cloudpickle': '3.1.1', 'deprecation': '2.1.0', 'xxhash': '3.5.0', 'wurlitzer': '3.1.1'}, 'python': {'version': '3.11.13', 'machine': 'x86_64'}}
  warnings.warn(

2026-06-02 13:03:56,946:WARNING:
'cuml' is a soft dependency and not included in the pycaret installation. Please run: `pip install cuml` to install.
2026-06-02 13:03:56,946:WARNING:
'cuml' is a soft dependency and not included in the pycaret installation. Please run: `pip install cuml` to install.
2026-06-02 13:03:56,946:WARNING:
'cuml' is a soft dependency and not included in the pycaret installation. Please run: `pip install cuml` to install.
2026-06-02 13:03:56,946:WARNING:
'cuml' is a soft dependency and not included in the pycaret installation. Please run: `pip install cuml` to install.
2026-06-02 13:04:30,105:INFO:Initializing load_model()
2026-06-02 13:04:30,106:INFO:load_model(model_name=best_automl_ghosting_pipeline, platform=None, authentication=None, verbose=True)
2026-06-02 13:04:30,406:WARNING:C:\Users\Surface Laptop 3\AppData\Local\Programs\Python\Python311\Lib\site-packages\pycaret\internal\pipeline.py:148: UserWarning: Version mismatch:
current: {'deps_info': {'pip': '24.0', 'setuptools': '65.5.0', 'pycaret': '3.3.2', 'IPython': '9.14.0', 'ipywidgets': '8.1.8', 'tqdm': '4.67.3', 'numpy': '1.26.4', 'pandas': '2.1.4', 'jinja2': '3.1.6', 'scipy': '1.11.4', 'joblib': '1.3.2', 'sklearn': '1.4.2', 'pyod': '3.4.0', 'imblearn': '0.14.1', 'category_encoders': '2.7.0', 'lightgbm': '4.6.0', 'numba': '0.65.1', 'requests': '2.34.2', 'matplotlib': '3.7.5', 'scikitplot': '0.3.7', 'yellowbrick': '1.5', 'plotly': '6.7.0', 'plotly-resampler': 'Not installed', 'kaleido': '1.3.0', 'schemdraw': '0.15', 'statsmodels': '0.14.6', 'sktime': '0.26.0', 'tbats': '1.1.3', 'pmdarima': '2.0.4', 'psutil': '7.2.2', 'markupsafe': '3.0.3', 'pickle5': 'Not installed', 'cloudpickle': '3.1.2', 'deprecation': '2.1.0', 'xxhash': '3.7.0', 'wurlitzer': 'Not installed'}, 'python': {'version': '3.11.9', 'machine': 'AMD64'}}
pickle: {'deps_info': {'pip': '24.1.2', 'setuptools': '75.2.0', 'pycaret': '3.3.2', 'IPython': '7.34.0', 'ipywidgets': '7.7.1', 'tqdm': '4.67.1', 'numpy': '1.26.4', 'pandas': '2.1.4', 'jinja2': '3.1.6', 'scipy': '1.11.4', 'joblib': '1.3.2', 'sklearn': '1.2.2', 'pyod': '3.4.0', 'imblearn': '0.14.1', 'category_encoders': '2.7.0', 'lightgbm': '4.5.0', 'numba': '0.60.0', 'requests': '2.32.3', 'matplotlib': '3.7.5', 'scikitplot': '0.3.7', 'yellowbrick': '1.5', 'plotly': '5.24.1', 'plotly-resampler': 'Not installed', 'kaleido': '1.3.0', 'schemdraw': '0.15', 'statsmodels': '0.14.5', 'sktime': '0.26.0', 'tbats': '1.1.3', 'pmdarima': '2.0.4', 'psutil': '5.9.5', 'markupsafe': '2.0.1', 'pickle5': 'Not installed', 'cloudpickle': '3.1.1', 'deprecation': '2.1.0', 'xxhash': '3.5.0', 'wurlitzer': '3.1.1'}, 'python': {'version': '3.11.13', 'machine': 'x86_64'}}
  warnings.warn(

2026-06-02 13:08:04,034:WARNING:
'cuml' is a soft dependency and not included in the pycaret installation. Please run: `pip install cuml` to install.
2026-06-02 13:08:04,034:WARNING:
'cuml' is a soft dependency and not included in the pycaret installation. Please run: `pip install cuml` to install.
2026-06-02 13:08:04,034:WARNING:
'cuml' is a soft dependency and not included in the pycaret installation. Please run: `pip install cuml` to install.
2026-06-02 13:08:04,034:WARNING:
'cuml' is a soft dependency and not included in the pycaret installation. Please run: `pip install cuml` to install.
2026-06-02 13:08:18,276:INFO:Initializing load_model()
2026-06-02 13:08:18,277:INFO:load_model(model_name=best_automl_ghosting_pipeline, platform=None, authentication=None, verbose=True)
2026-06-02 13:08:18,565:WARNING:C:\Users\Surface Laptop 3\AppData\Local\Programs\Python\Python311\Lib\site-packages\pycaret\internal\pipeline.py:148: UserWarning: Version mismatch:
current: {'deps_info': {'pip': '24.0', 'setuptools': '65.5.0', 'pycaret': '3.3.2', 'IPython': '9.14.0', 'ipywidgets': '8.1.8', 'tqdm': '4.67.3', 'numpy': '1.26.4', 'pandas': '2.1.4', 'jinja2': '3.1.6', 'scipy': '1.11.4', 'joblib': '1.3.2', 'sklearn': '1.4.2', 'pyod': '3.4.0', 'imblearn': '0.14.1', 'category_encoders': '2.7.0', 'lightgbm': '4.6.0', 'numba': '0.65.1', 'requests': '2.34.2', 'matplotlib': '3.7.5', 'scikitplot': '0.3.7', 'yellowbrick': '1.5', 'plotly': '6.7.0', 'plotly-resampler': 'Not installed', 'kaleido': '1.3.0', 'schemdraw': '0.15', 'statsmodels': '0.14.6', 'sktime': '0.26.0', 'tbats': '1.1.3', 'pmdarima': '2.0.4', 'psutil': '7.2.2', 'markupsafe': '3.0.3', 'pickle5': 'Not installed', 'cloudpickle': '3.1.2', 'deprecation': '2.1.0', 'xxhash': '3.7.0', 'wurlitzer': 'Not installed'}, 'python': {'version': '3.11.9', 'machine': 'AMD64'}}
pickle: {'deps_info': {'pip': '24.1.2', 'setuptools': '75.2.0', 'pycaret': '3.3.2', 'IPython': '7.34.0', 'ipywidgets': '7.7.1', 'tqdm': '4.67.1', 'numpy': '1.26.4', 'pandas': '2.1.4', 'jinja2': '3.1.6', 'scipy': '1.11.4', 'joblib': '1.3.2', 'sklearn': '1.2.2', 'pyod': '3.4.0', 'imblearn': '0.14.1', 'category_encoders': '2.7.0', 'lightgbm': '4.5.0', 'numba': '0.60.0', 'requests': '2.32.3', 'matplotlib': '3.7.5', 'scikitplot': '0.3.7', 'yellowbrick': '1.5', 'plotly': '5.24.1', 'plotly-resampler': 'Not installed', 'kaleido': '1.3.0', 'schemdraw': '0.15', 'statsmodels': '0.14.5', 'sktime': '0.26.0', 'tbats': '1.1.3', 'pmdarima': '2.0.4', 'psutil': '5.9.5', 'markupsafe': '2.0.1', 'pickle5': 'Not installed', 'cloudpickle': '3.1.1', 'deprecation': '2.1.0', 'xxhash': '3.5.0', 'wurlitzer': '3.1.1'}, 'python': {'version': '3.11.13', 'machine': 'x86_64'}}
  warnings.warn(

2026-06-02 14:12:32,359:WARNING:
'cuml' is a soft dependency and not included in the pycaret installation. Please run: `pip install cuml` to install.
2026-06-02 14:12:32,359:WARNING:
'cuml' is a soft dependency and not included in the pycaret installation. Please run: `pip install cuml` to install.
2026-06-02 14:12:32,359:WARNING:
'cuml' is a soft dependency and not included in the pycaret installation. Please run: `pip install cuml` to install.
2026-06-02 14:12:32,359:WARNING:
'cuml' is a soft dependency and not included in the pycaret installation. Please run: `pip install cuml` to install.
2026-06-02 14:12:35,331:INFO:Initializing load_model()
2026-06-02 14:12:35,331:INFO:load_model(model_name=best_automl_ghosting_pipeline, platform=None, authentication=None, verbose=True)
2026-06-02 14:12:35,737:WARNING:C:\Users\Surface Laptop 3\AppData\Local\Programs\Python\Python311\Lib\site-packages\pycaret\internal\pipeline.py:148: UserWarning: Version mismatch:
current: {'deps_info': {'pip': '24.0', 'setuptools': '65.5.0', 'pycaret': '3.3.2', 'IPython': '9.14.0', 'ipywidgets': '8.1.8', 'tqdm': '4.67.3', 'numpy': '1.26.4', 'pandas': '2.1.4', 'jinja2': '3.1.6', 'scipy': '1.11.4', 'joblib': '1.3.2', 'sklearn': '1.4.2', 'pyod': '3.4.0', 'imblearn': '0.14.1', 'category_encoders': '2.7.0', 'lightgbm': '4.6.0', 'numba': '0.65.1', 'requests': '2.34.2', 'matplotlib': '3.7.5', 'scikitplot': '0.3.7', 'yellowbrick': '1.5', 'plotly': '6.7.0', 'plotly-resampler': 'Not installed', 'kaleido': '1.3.0', 'schemdraw': '0.15', 'statsmodels': '0.14.6', 'sktime': '0.26.0', 'tbats': '1.1.3', 'pmdarima': '2.0.4', 'psutil': '7.2.2', 'markupsafe': '3.0.3', 'pickle5': 'Not installed', 'cloudpickle': '3.1.2', 'deprecation': '2.1.0', 'xxhash': '3.7.0', 'wurlitzer': 'Not installed'}, 'python': {'version': '3.11.9', 'machine': 'AMD64'}}
pickle: {'deps_info': {'pip': '24.1.2', 'setuptools': '75.2.0', 'pycaret': '3.3.2', 'IPython': '7.34.0', 'ipywidgets': '7.7.1', 'tqdm': '4.67.1', 'numpy': '1.26.4', 'pandas': '2.1.4', 'jinja2': '3.1.6', 'scipy': '1.11.4', 'joblib': '1.3.2', 'sklearn': '1.2.2', 'pyod': '3.4.0', 'imblearn': '0.14.1', 'category_encoders': '2.7.0', 'lightgbm': '4.5.0', 'numba': '0.60.0', 'requests': '2.32.3', 'matplotlib': '3.7.5', 'scikitplot': '0.3.7', 'yellowbrick': '1.5', 'plotly': '5.24.1', 'plotly-resampler': 'Not installed', 'kaleido': '1.3.0', 'schemdraw': '0.15', 'statsmodels': '0.14.5', 'sktime': '0.26.0', 'tbats': '1.1.3', 'pmdarima': '2.0.4', 'psutil': '5.9.5', 'markupsafe': '2.0.1', 'pickle5': 'Not installed', 'cloudpickle': '3.1.1', 'deprecation': '2.1.0', 'xxhash': '3.5.0', 'wurlitzer': '3.1.1'}, 'python': {'version': '3.11.13', 'machine': 'x86_64'}}
  warnings.warn(

2026-06-02 14:13:16,239:INFO:Initializing predict_model()
2026-06-02 14:13:16,239:INFO:predict_model(self=<pycaret.classification.oop.ClassificationExperiment object at 0x0000012F3DF1E110>, estimator=['PC1' 'PC2' 'PC3' 'PC4' 'PC5' 'PC6' 'PC7' 'PC8' 'PC9' 'PC10' 'PC11'
 'PC12' 'PC13'], probability_threshold=None, encoded_labels=False, raw_score=False, round=4, verbose=True, ml_usecase=None, preprocess=True, encode_labels=<function _SupervisedExperiment.predict_model.<locals>.encode_labels at 0x0000012F3E4DB2E0>)
2026-06-02 14:13:16,239:INFO:Checking exceptions
2026-06-02 14:13:16,245:INFO:Preloading libraries
2026-06-02 14:14:40,087:INFO:Initializing predict_model()
2026-06-02 14:14:40,087:INFO:predict_model(self=<pycaret.classification.oop.ClassificationExperiment object at 0x0000012F3DF5DC50>, estimator=Pipeline(memory=Memory(location=None),
         steps=[('numerical_imputer',
                 TransformerWrapper(include=['PC1', 'PC2', 'PC3', 'PC4', 'PC5',
                                             'PC6', 'PC7', 'PC8', 'PC9', 'PC10',
                                             'PC11', 'PC12', 'PC13'],
                                    transformer=SimpleImputer())),
                ('categorical_imputer',
                 TransformerWrapper(include=[],
                                    transformer=SimpleImputer(strategy='most_frequent'))),
                ('balance',
                 TransformerWrapper(transformer=FixImbalancer(estimator=RandomUnderSampler(random_state=42)))),
                ('actual_estimator',
                 RandomForestClassifier(n_jobs=-1, random_state=42))]), probability_threshold=None, encoded_labels=False, raw_score=False, round=4, verbose=True, ml_usecase=None, preprocess=True, encode_labels=<function _SupervisedExperiment.predict_model.<locals>.encode_labels at 0x0000012F476B65C0>)
2026-06-02 14:14:40,087:INFO:Checking exceptions
2026-06-02 14:14:40,087:INFO:Preloading libraries
2026-06-02 14:14:40,087:INFO:Set up data.
2026-06-02 14:14:40,101:INFO:Set up index.
2026-06-02 14:17:24,890:INFO:Initializing predict_model()
2026-06-02 14:17:24,890:INFO:predict_model(self=<pycaret.classification.oop.ClassificationExperiment object at 0x0000012F39317990>, estimator=Pipeline(memory=Memory(location=None),
         steps=[('numerical_imputer',
                 TransformerWrapper(include=['PC1', 'PC2', 'PC3', 'PC4', 'PC5',
                                             'PC6', 'PC7', 'PC8', 'PC9', 'PC10',
                                             'PC11', 'PC12', 'PC13'],
                                    transformer=SimpleImputer())),
                ('categorical_imputer',
                 TransformerWrapper(include=[],
                                    transformer=SimpleImputer(strategy='most_frequent'))),
                ('balance',
                 TransformerWrapper(transformer=FixImbalancer(estimator=RandomUnderSampler(random_state=42)))),
                ('actual_estimator',
                 RandomForestClassifier(n_jobs=-1, random_state=42))]), probability_threshold=None, encoded_labels=False, raw_score=False, round=4, verbose=True, ml_usecase=None, preprocess=True, encode_labels=<function _SupervisedExperiment.predict_model.<locals>.encode_labels at 0x0000012F47933C40>)
2026-06-02 14:17:24,890:INFO:Checking exceptions
2026-06-02 14:17:24,891:INFO:Preloading libraries
2026-06-02 14:17:24,891:INFO:Set up data.
2026-06-02 14:17:24,891:INFO:Set up index.
2026-06-02 14:22:24,621:WARNING:
'cuml' is a soft dependency and not included in the pycaret installation. Please run: `pip install cuml` to install.
2026-06-02 14:22:24,623:WARNING:
'cuml' is a soft dependency and not included in the pycaret installation. Please run: `pip install cuml` to install.
2026-06-02 14:22:24,623:WARNING:
'cuml' is a soft dependency and not included in the pycaret installation. Please run: `pip install cuml` to install.
2026-06-02 14:22:24,623:WARNING:
'cuml' is a soft dependency and not included in the pycaret installation. Please run: `pip install cuml` to install.
2026-06-02 14:22:27,145:INFO:Initializing load_model()
2026-06-02 14:22:27,145:INFO:load_model(model_name=best_automl_ghosting_pipeline, platform=None, authentication=None, verbose=True)
2026-06-02 14:22:27,460:WARNING:C:\Users\Surface Laptop 3\AppData\Local\Programs\Python\Python311\Lib\site-packages\pycaret\internal\pipeline.py:148: UserWarning: Version mismatch:
current: {'deps_info': {'pip': '24.0', 'setuptools': '65.5.0', 'pycaret': '3.3.2', 'IPython': '9.14.0', 'ipywidgets': '8.1.8', 'tqdm': '4.67.3', 'numpy': '1.26.4', 'pandas': '2.1.4', 'jinja2': '3.1.6', 'scipy': '1.11.4', 'joblib': '1.3.2', 'sklearn': '1.4.2', 'pyod': '3.4.0', 'imblearn': '0.14.1', 'category_encoders': '2.7.0', 'lightgbm': '4.6.0', 'numba': '0.65.1', 'requests': '2.34.2', 'matplotlib': '3.7.5', 'scikitplot': '0.3.7', 'yellowbrick': '1.5', 'plotly': '6.7.0', 'plotly-resampler': 'Not installed', 'kaleido': '1.3.0', 'schemdraw': '0.15', 'statsmodels': '0.14.6', 'sktime': '0.26.0', 'tbats': '1.1.3', 'pmdarima': '2.0.4', 'psutil': '7.2.2', 'markupsafe': '3.0.3', 'pickle5': 'Not installed', 'cloudpickle': '3.1.2', 'deprecation': '2.1.0', 'xxhash': '3.7.0', 'wurlitzer': 'Not installed'}, 'python': {'version': '3.11.9', 'machine': 'AMD64'}}
pickle: {'deps_info': {'pip': '24.1.2', 'setuptools': '75.2.0', 'pycaret': '3.3.2', 'IPython': '7.34.0', 'ipywidgets': '7.7.1', 'tqdm': '4.67.1', 'numpy': '1.26.4', 'pandas': '2.1.4', 'jinja2': '3.1.6', 'scipy': '1.11.4', 'joblib': '1.3.2', 'sklearn': '1.2.2', 'pyod': '3.4.0', 'imblearn': '0.14.1', 'category_encoders': '2.7.0', 'lightgbm': '4.5.0', 'numba': '0.60.0', 'requests': '2.32.3', 'matplotlib': '3.7.5', 'scikitplot': '0.3.7', 'yellowbrick': '1.5', 'plotly': '5.24.1', 'plotly-resampler': 'Not installed', 'kaleido': '1.3.0', 'schemdraw': '0.15', 'statsmodels': '0.14.5', 'sktime': '0.26.0', 'tbats': '1.1.3', 'pmdarima': '2.0.4', 'psutil': '5.9.5', 'markupsafe': '2.0.1', 'pickle5': 'Not installed', 'cloudpickle': '3.1.1', 'deprecation': '2.1.0', 'xxhash': '3.5.0', 'wurlitzer': '3.1.1'}, 'python': {'version': '3.11.13', 'machine': 'x86_64'}}
  warnings.warn(

2026-06-02 14:23:17,655:INFO:Initializing predict_model()
2026-06-02 14:23:17,655:INFO:predict_model(self=<pycaret.classification.oop.ClassificationExperiment object at 0x00000212A8D1BF50>, estimator=Pipeline(memory=Memory(location=None),
         steps=[('numerical_imputer',
                 TransformerWrapper(include=['PC1', 'PC2', 'PC3', 'PC4', 'PC5',
                                             'PC6', 'PC7', 'PC8', 'PC9', 'PC10',
                                             'PC11', 'PC12', 'PC13'],
                                    transformer=SimpleImputer())),
                ('categorical_imputer',
                 TransformerWrapper(include=[],
                                    transformer=SimpleImputer(strategy='most_frequent'))),
                ('balance',
                 TransformerWrapper(transformer=FixImbalancer(estimator=RandomUnderSampler(random_state=42)))),
                ('actual_estimator',
                 RandomForestClassifier(n_jobs=-1, random_state=42))]), probability_threshold=None, encoded_labels=False, raw_score=False, round=4, verbose=True, ml_usecase=None, preprocess=True, encode_labels=<function _SupervisedExperiment.predict_model.<locals>.encode_labels at 0x00000212A8BAB100>)
2026-06-02 14:23:17,655:INFO:Checking exceptions
2026-06-02 14:23:17,655:INFO:Preloading libraries
2026-06-02 14:23:17,655:INFO:Set up data.
2026-06-02 14:23:17,688:INFO:Set up index.
2026-06-02 14:27:56,208:INFO:Initializing predict_model()
2026-06-02 14:27:56,208:INFO:predict_model(self=<pycaret.classification.oop.ClassificationExperiment object at 0x00000212A7F65C50>, estimator=Pipeline(memory=Memory(location=None),
         steps=[('numerical_imputer',
                 TransformerWrapper(include=['PC1', 'PC2', 'PC3', 'PC4', 'PC5',
                                             'PC6', 'PC7', 'PC8', 'PC9', 'PC10',
                                             'PC11', 'PC12', 'PC13'],
                                    transformer=SimpleImputer())),
                ('categorical_imputer',
                 TransformerWrapper(include=[],
                                    transformer=SimpleImputer(strategy='most_frequent'))),
                ('balance',
                 TransformerWrapper(transformer=FixImbalancer(estimator=RandomUnderSampler(random_state=42)))),
                ('actual_estimator',
                 RandomForestClassifier(n_jobs=-1, random_state=42))]), probability_threshold=None, encoded_labels=False, raw_score=False, round=4, verbose=True, ml_usecase=None, preprocess=True, encode_labels=<function _SupervisedExperiment.predict_model.<locals>.encode_labels at 0x00000212A8BABD80>)
2026-06-02 14:27:56,208:INFO:Checking exceptions
2026-06-02 14:27:56,208:INFO:Preloading libraries
2026-06-02 14:27:56,208:INFO:Set up data.
2026-06-02 14:27:56,219:INFO:Set up index.
2026-06-02 15:53:15,585:INFO:Initializing load_model()
2026-06-02 15:53:15,585:INFO:load_model(model_name=best_automl_ghosting_pipeline, platform=None, authentication=None, verbose=True)
2026-06-02 15:54:09,025:INFO:Initializing load_model()
2026-06-02 15:54:09,025:INFO:load_model(model_name=best_automl_ghosting_pipeline-2, platform=None, authentication=None, verbose=True)
2026-06-02 15:54:09,550:WARNING:C:\Users\Surface Laptop 3\AppData\Local\Programs\Python\Python311\Lib\pickle.py:1718: UserWarning: [15:54:09] WARNING: C:\actions-runner\_work\xgboost\xgboost\src\gbm\../common/error_msg.h:83: If you are loading a serialized model (like pickle in Python, RDS in R) or
configuration generated by an older version of XGBoost, please export the model by calling
`Booster.save_model` from that version first, then load it back in current version. See:

    https://xgboost.readthedocs.io/en/stable/tutorials/saving_model.html

for more details about differences between saving model and serializing.

  setstate(state)

2026-06-02 15:54:09,555:WARNING:C:\Users\Surface Laptop 3\AppData\Local\Programs\Python\Python311\Lib\site-packages\pycaret\internal\pipeline.py:148: UserWarning: Version mismatch:
current: {'deps_info': {'pip': '24.0', 'setuptools': '65.5.0', 'pycaret': '3.3.2', 'IPython': '9.14.0', 'ipywidgets': '8.1.8', 'tqdm': '4.67.3', 'numpy': '1.26.4', 'pandas': '2.1.4', 'jinja2': '3.1.6', 'scipy': '1.11.4', 'joblib': '1.3.2', 'sklearn': '1.4.2', 'pyod': '3.4.0', 'imblearn': '0.14.1', 'category_encoders': '2.7.0', 'lightgbm': '4.6.0', 'numba': '0.65.1', 'requests': '2.34.2', 'matplotlib': '3.7.5', 'scikitplot': '0.3.7', 'yellowbrick': '1.5', 'plotly': '6.7.0', 'plotly-resampler': 'Not installed', 'kaleido': '1.3.0', 'schemdraw': '0.15', 'statsmodels': '0.14.6', 'sktime': '0.26.0', 'tbats': '1.1.3', 'pmdarima': '2.0.4', 'psutil': '7.2.2', 'markupsafe': '3.0.3', 'pickle5': 'Not installed', 'cloudpickle': '3.1.2', 'deprecation': '2.1.0', 'xxhash': '3.7.0', 'wurlitzer': 'Not installed'}, 'python': {'version': '3.11.9', 'machine': 'AMD64'}}
pickle: {'deps_info': {'pip': '24.1.2', 'setuptools': '75.2.0', 'pycaret': '3.3.2', 'IPython': '7.34.0', 'ipywidgets': '7.7.1', 'tqdm': '4.67.1', 'numpy': '1.26.4', 'pandas': '2.1.4', 'jinja2': '3.1.6', 'scipy': '1.11.4', 'joblib': '1.3.2', 'sklearn': '1.4.2', 'pyod': '3.4.0', 'imblearn': '0.14.1', 'category_encoders': '2.7.0', 'lightgbm': '4.5.0', 'numba': '0.60.0', 'requests': '2.32.3', 'matplotlib': '3.7.5', 'scikitplot': '0.3.7', 'yellowbrick': '1.5', 'plotly': '5.24.1', 'plotly-resampler': 'Not installed', 'kaleido': '1.3.0', 'schemdraw': '0.15', 'statsmodels': '0.14.5', 'sktime': '0.26.0', 'tbats': '1.1.3', 'pmdarima': '2.0.4', 'psutil': '5.9.5', 'markupsafe': '2.0.1', 'pickle5': 'Not installed', 'cloudpickle': '3.1.1', 'deprecation': '2.1.0', 'xxhash': '3.5.0', 'wurlitzer': '3.1.1'}, 'python': {'version': '3.11.13', 'machine': 'x86_64'}}
  warnings.warn(

2026-06-02 16:01:51,068:WARNING:
'cuml' is a soft dependency and not included in the pycaret installation. Please run: `pip install cuml` to install.
2026-06-02 16:01:51,068:WARNING:
'cuml' is a soft dependency and not included in the pycaret installation. Please run: `pip install cuml` to install.
2026-06-02 16:01:51,068:WARNING:
'cuml' is a soft dependency and not included in the pycaret installation. Please run: `pip install cuml` to install.
2026-06-02 16:01:51,068:WARNING:
'cuml' is a soft dependency and not included in the pycaret installation. Please run: `pip install cuml` to install.
2026-06-02 16:01:54,101:INFO:Initializing load_model()
2026-06-02 16:01:54,101:INFO:load_model(model_name=best_automl_ghosting_pipeline-2, platform=None, authentication=None, verbose=True)
2026-06-02 16:01:54,218:WARNING:C:\Users\Surface Laptop 3\AppData\Local\Programs\Python\Python311\Lib\pickle.py:1718: UserWarning: [16:01:54] WARNING: C:\actions-runner\_work\xgboost\xgboost\src\gbm\../common/error_msg.h:83: If you are loading a serialized model (like pickle in Python, RDS in R) or
configuration generated by an older version of XGBoost, please export the model by calling
`Booster.save_model` from that version first, then load it back in current version. See:

    https://xgboost.readthedocs.io/en/stable/tutorials/saving_model.html

for more details about differences between saving model and serializing.

  setstate(state)

2026-06-02 16:01:54,318:WARNING:C:\Users\Surface Laptop 3\AppData\Local\Programs\Python\Python311\Lib\site-packages\pycaret\internal\pipeline.py:148: UserWarning: Version mismatch:
current: {'deps_info': {'pip': '24.0', 'setuptools': '65.5.0', 'pycaret': '3.3.2', 'IPython': '9.14.0', 'ipywidgets': '8.1.8', 'tqdm': '4.67.3', 'numpy': '1.26.4', 'pandas': '2.1.4', 'jinja2': '3.1.6', 'scipy': '1.11.4', 'joblib': '1.3.2', 'sklearn': '1.4.2', 'pyod': '3.4.0', 'imblearn': '0.14.1', 'category_encoders': '2.7.0', 'lightgbm': '4.6.0', 'numba': '0.65.1', 'requests': '2.34.2', 'matplotlib': '3.7.5', 'scikitplot': '0.3.7', 'yellowbrick': '1.5', 'plotly': '6.7.0', 'plotly-resampler': 'Not installed', 'kaleido': '1.3.0', 'schemdraw': '0.15', 'statsmodels': '0.14.6', 'sktime': '0.26.0', 'tbats': '1.1.3', 'pmdarima': '2.0.4', 'psutil': '7.2.2', 'markupsafe': '3.0.3', 'pickle5': 'Not installed', 'cloudpickle': '3.1.2', 'deprecation': '2.1.0', 'xxhash': '3.7.0', 'wurlitzer': 'Not installed'}, 'python': {'version': '3.11.9', 'machine': 'AMD64'}}
pickle: {'deps_info': {'pip': '24.1.2', 'setuptools': '75.2.0', 'pycaret': '3.3.2', 'IPython': '7.34.0', 'ipywidgets': '7.7.1', 'tqdm': '4.67.1', 'numpy': '1.26.4', 'pandas': '2.1.4', 'jinja2': '3.1.6', 'scipy': '1.11.4', 'joblib': '1.3.2', 'sklearn': '1.4.2', 'pyod': '3.4.0', 'imblearn': '0.14.1', 'category_encoders': '2.7.0', 'lightgbm': '4.5.0', 'numba': '0.60.0', 'requests': '2.32.3', 'matplotlib': '3.7.5', 'scikitplot': '0.3.7', 'yellowbrick': '1.5', 'plotly': '5.24.1', 'plotly-resampler': 'Not installed', 'kaleido': '1.3.0', 'schemdraw': '0.15', 'statsmodels': '0.14.5', 'sktime': '0.26.0', 'tbats': '1.1.3', 'pmdarima': '2.0.4', 'psutil': '5.9.5', 'markupsafe': '2.0.1', 'pickle5': 'Not installed', 'cloudpickle': '3.1.1', 'deprecation': '2.1.0', 'xxhash': '3.5.0', 'wurlitzer': '3.1.1'}, 'python': {'version': '3.11.13', 'machine': 'x86_64'}}
  warnings.warn(

2026-06-02 16:13:17,993:WARNING:
'cuml' is a soft dependency and not included in the pycaret installation. Please run: `pip install cuml` to install.
2026-06-02 16:13:17,995:WARNING:
'cuml' is a soft dependency and not included in the pycaret installation. Please run: `pip install cuml` to install.
2026-06-02 16:13:17,995:WARNING:
'cuml' is a soft dependency and not included in the pycaret installation. Please run: `pip install cuml` to install.
2026-06-02 16:13:17,995:WARNING:
'cuml' is a soft dependency and not included in the pycaret installation. Please run: `pip install cuml` to install.
2026-06-02 16:13:20,793:INFO:Initializing load_model()
2026-06-02 16:13:20,793:INFO:load_model(model_name=best_automl_ghosting_pipeline-2, platform=None, authentication=None, verbose=True)
2026-06-02 16:13:21,313:WARNING:C:\Users\Surface Laptop 3\AppData\Local\Programs\Python\Python311\Lib\site-packages\pycaret\internal\pipeline.py:148: UserWarning: Version mismatch:
current: {'deps_info': {'pip': '24.0', 'setuptools': '65.5.0', 'pycaret': '3.3.2', 'IPython': '9.14.0', 'ipywidgets': '8.1.8', 'tqdm': '4.67.3', 'numpy': '1.26.4', 'pandas': '2.1.4', 'jinja2': '3.1.6', 'scipy': '1.11.4', 'joblib': '1.3.2', 'sklearn': '1.4.2', 'pyod': '3.4.0', 'imblearn': '0.14.1', 'category_encoders': '2.7.0', 'lightgbm': '4.6.0', 'numba': '0.65.1', 'requests': '2.34.2', 'matplotlib': '3.7.5', 'scikitplot': '0.3.7', 'yellowbrick': '1.5', 'plotly': '6.7.0', 'plotly-resampler': 'Not installed', 'kaleido': '1.3.0', 'schemdraw': '0.15', 'statsmodels': '0.14.6', 'sktime': '0.26.0', 'tbats': '1.1.3', 'pmdarima': '2.0.4', 'psutil': '7.2.2', 'markupsafe': '3.0.3', 'pickle5': 'Not installed', 'cloudpickle': '3.1.2', 'deprecation': '2.1.0', 'xxhash': '3.7.0', 'wurlitzer': 'Not installed'}, 'python': {'version': '3.11.9', 'machine': 'AMD64'}}
pickle: {'deps_info': {'pip': '24.1.2', 'setuptools': '75.2.0', 'pycaret': '3.3.2', 'IPython': '7.34.0', 'ipywidgets': '7.7.1', 'tqdm': '4.67.1', 'numpy': '1.26.4', 'pandas': '2.1.4', 'jinja2': '3.1.6', 'scipy': '1.11.4', 'joblib': '1.3.2', 'sklearn': '1.4.2', 'pyod': '3.4.0', 'imblearn': '0.14.1', 'category_encoders': '2.7.0', 'lightgbm': '4.5.0', 'numba': '0.60.0', 'requests': '2.32.3', 'matplotlib': '3.7.5', 'scikitplot': '0.3.7', 'yellowbrick': '1.5', 'plotly': '5.24.1', 'plotly-resampler': 'Not installed', 'kaleido': '1.3.0', 'schemdraw': '0.15', 'statsmodels': '0.14.5', 'sktime': '0.26.0', 'tbats': '1.1.3', 'pmdarima': '2.0.4', 'psutil': '5.9.5', 'markupsafe': '2.0.1', 'pickle5': 'Not installed', 'cloudpickle': '3.1.1', 'deprecation': '2.1.0', 'xxhash': '3.5.0', 'wurlitzer': '3.1.1'}, 'python': {'version': '3.11.13', 'machine': 'x86_64'}}
  warnings.warn(

2026-06-02 16:13:27,376:INFO:Initializing predict_model()
2026-06-02 16:13:27,376:INFO:predict_model(self=<pycaret.classification.oop.ClassificationExperiment object at 0x000002284CA52990>, estimator=Pipeline(memory=Memory(location=None),
         steps=[('numerical_imputer',
                 TransformerWrapper(include=['income_bracket',
                                             'education_level',
                                             'app_usage_time_min',
                                             'swipe_right_ratio',
                                             'likes_received', 'mutual_matches',
                                             'profile_pics_count', 'bio_length',
                                             'message_sent_count',
                                             'emoji_usage_rate',
                                             'last_active_hour'],
                                    transformer=SimpleImputer())),
                ('categorical_imputer'...
                               feature_types=None, gamma=None, grow_policy=None,
                               importance_type=None,
                               interaction_constraints=None, learning_rate=None,
                               max_bin=None, max_cat_threshold=None,
                               max_cat_to_onehot=None, max_delta_step=None,
                               max_depth=None, max_leaves=None,
                               min_child_weight=None, missing=nan,
                               monotone_constraints=None, multi_strategy=None,
                               n_estimators=None, n_jobs=-1,
                               num_parallel_tree=None, random_state=42, ...))]), probability_threshold=None, encoded_labels=False, raw_score=False, round=4, verbose=True, ml_usecase=None, preprocess=True, encode_labels=<function _SupervisedExperiment.predict_model.<locals>.encode_labels at 0x00000228220E4360>)
2026-06-02 16:13:27,376:INFO:Checking exceptions
2026-06-02 16:13:27,376:INFO:Preloading libraries
2026-06-02 16:13:27,378:INFO:Set up data.
2026-06-02 16:13:27,392:INFO:Set up index.
2026-06-02 16:47:35,916:WARNING:
'cuml' is a soft dependency and not included in the pycaret installation. Please run: `pip install cuml` to install.
2026-06-02 16:47:35,916:WARNING:
'cuml' is a soft dependency and not included in the pycaret installation. Please run: `pip install cuml` to install.
2026-06-02 16:47:35,916:WARNING:
'cuml' is a soft dependency and not included in the pycaret installation. Please run: `pip install cuml` to install.
2026-06-02 16:47:35,916:WARNING:
'cuml' is a soft dependency and not included in the pycaret installation. Please run: `pip install cuml` to install.
2026-06-02 16:47:38,517:INFO:Initializing load_model()
2026-06-02 16:47:38,517:INFO:load_model(model_name=best_automl_ghosting_pipeline-2, platform=None, authentication=None, verbose=True)
2026-06-02 16:47:38,755:WARNING:C:\Users\Surface Laptop 3\AppData\Local\Programs\Python\Python311\Lib\site-packages\pycaret\internal\pipeline.py:148: UserWarning: Version mismatch:
current: {'deps_info': {'pip': '24.0', 'setuptools': '65.5.0', 'pycaret': '3.3.2', 'IPython': '9.14.0', 'ipywidgets': '8.1.8', 'tqdm': '4.67.3', 'numpy': '1.26.4', 'pandas': '2.1.4', 'jinja2': '3.1.6', 'scipy': '1.11.4', 'joblib': '1.3.2', 'sklearn': '1.4.2', 'pyod': '3.4.0', 'imblearn': '0.14.1', 'category_encoders': '2.7.0', 'lightgbm': '4.6.0', 'numba': '0.65.1', 'requests': '2.34.2', 'matplotlib': '3.7.5', 'scikitplot': '0.3.7', 'yellowbrick': '1.5', 'plotly': '6.7.0', 'plotly-resampler': 'Not installed', 'kaleido': '1.3.0', 'schemdraw': '0.15', 'statsmodels': '0.14.6', 'sktime': '0.26.0', 'tbats': '1.1.3', 'pmdarima': '2.0.4', 'psutil': '7.2.2', 'markupsafe': '3.0.3', 'pickle5': 'Not installed', 'cloudpickle': '3.1.2', 'deprecation': '2.1.0', 'xxhash': '3.7.0', 'wurlitzer': 'Not installed'}, 'python': {'version': '3.11.9', 'machine': 'AMD64'}}
pickle: {'deps_info': {'pip': '24.1.2', 'setuptools': '75.2.0', 'pycaret': '3.3.2', 'IPython': '7.34.0', 'ipywidgets': '7.7.1', 'tqdm': '4.67.1', 'numpy': '1.26.4', 'pandas': '2.1.4', 'jinja2': '3.1.6', 'scipy': '1.11.4', 'joblib': '1.3.2', 'sklearn': '1.4.2', 'pyod': '3.4.0', 'imblearn': '0.14.1', 'category_encoders': '2.7.0', 'lightgbm': '4.5.0', 'numba': '0.60.0', 'requests': '2.32.3', 'matplotlib': '3.7.5', 'scikitplot': '0.3.7', 'yellowbrick': '1.5', 'plotly': '5.24.1', 'plotly-resampler': 'Not installed', 'kaleido': '1.3.0', 'schemdraw': '0.15', 'statsmodels': '0.14.5', 'sktime': '0.26.0', 'tbats': '1.1.3', 'pmdarima': '2.0.4', 'psutil': '5.9.5', 'markupsafe': '2.0.1', 'pickle5': 'Not installed', 'cloudpickle': '3.1.1', 'deprecation': '2.1.0', 'xxhash': '3.5.0', 'wurlitzer': '3.1.1'}, 'python': {'version': '3.11.13', 'machine': 'x86_64'}}
  warnings.warn(

2026-06-02 16:47:56,375:INFO:Initializing predict_model()
2026-06-02 16:47:56,375:INFO:predict_model(self=<pycaret.classification.oop.ClassificationExperiment object at 0x000001A0A170B790>, estimator=Pipeline(memory=Memory(location=None),
         steps=[('numerical_imputer',
                 TransformerWrapper(include=['income_bracket',
                                             'education_level',
                                             'app_usage_time_min',
                                             'swipe_right_ratio',
                                             'likes_received', 'mutual_matches',
                                             'profile_pics_count', 'bio_length',
                                             'message_sent_count',
                                             'emoji_usage_rate',
                                             'last_active_hour'],
                                    transformer=SimpleImputer())),
                ('categorical_imputer'...
                               feature_types=None, gamma=None, grow_policy=None,
                               importance_type=None,
                               interaction_constraints=None, learning_rate=None,
                               max_bin=None, max_cat_threshold=None,
                               max_cat_to_onehot=None, max_delta_step=None,
                               max_depth=None, max_leaves=None,
                               min_child_weight=None, missing=nan,
                               monotone_constraints=None, multi_strategy=None,
                               n_estimators=None, n_jobs=-1,
                               num_parallel_tree=None, random_state=42, ...))]), probability_threshold=None, encoded_labels=False, raw_score=False, round=4, verbose=True, ml_usecase=None, preprocess=True, encode_labels=<function _SupervisedExperiment.predict_model.<locals>.encode_labels at 0x000001A0A17991C0>)
2026-06-02 16:47:56,375:INFO:Checking exceptions
2026-06-02 16:47:56,375:INFO:Preloading libraries
2026-06-02 16:47:56,375:INFO:Set up data.
2026-06-02 16:47:56,375:INFO:Set up index.
2026-06-02 16:50:48,422:INFO:Initializing predict_model()
2026-06-02 16:50:48,422:INFO:predict_model(self=<pycaret.classification.oop.ClassificationExperiment object at 0x000001A0A17D3950>, estimator=Pipeline(memory=Memory(location=None),
         steps=[('numerical_imputer',
                 TransformerWrapper(include=['income_bracket',
                                             'education_level',
                                             'app_usage_time_min',
                                             'swipe_right_ratio',
                                             'likes_received', 'mutual_matches',
                                             'profile_pics_count', 'bio_length',
                                             'message_sent_count',
                                             'emoji_usage_rate',
                                             'last_active_hour'],
                                    transformer=SimpleImputer())),
                ('categorical_imputer'...
                               feature_types=None, gamma=None, grow_policy=None,
                               importance_type=None,
                               interaction_constraints=None, learning_rate=None,
                               max_bin=None, max_cat_threshold=None,
                               max_cat_to_onehot=None, max_delta_step=None,
                               max_depth=None, max_leaves=None,
                               min_child_weight=None, missing=nan,
                               monotone_constraints=None, multi_strategy=None,
                               n_estimators=None, n_jobs=-1,
                               num_parallel_tree=None, random_state=42, ...))]), probability_threshold=None, encoded_labels=False, raw_score=False, round=4, verbose=True, ml_usecase=None, preprocess=True, encode_labels=<function _SupervisedExperiment.predict_model.<locals>.encode_labels at 0x000001A0A179BE20>)
2026-06-02 16:50:48,422:INFO:Checking exceptions
2026-06-02 16:50:48,422:INFO:Preloading libraries
2026-06-02 16:50:48,422:INFO:Set up data.
2026-06-02 16:50:48,603:INFO:Set up index.
2026-06-02 17:39:36,535:INFO:Initializing load_model()
2026-06-02 17:39:36,548:INFO:load_model(model_name=best_automl_ghosting_pipeline, platform=None, authentication=None, verbose=True)
2026-06-02 17:39:36,672:WARNING:C:\Users\Surface Laptop 3\AppData\Local\Programs\Python\Python311\Lib\site-packages\pycaret\internal\pipeline.py:148: UserWarning: Version mismatch:
current: {'deps_info': {'pip': '24.0', 'setuptools': '65.5.0', 'pycaret': '3.3.2', 'IPython': '9.14.0', 'ipywidgets': '8.1.8', 'tqdm': '4.67.3', 'numpy': '1.26.4', 'pandas': '2.1.4', 'jinja2': '3.1.6', 'scipy': '1.11.4', 'joblib': '1.3.2', 'sklearn': '1.4.2', 'pyod': '3.4.0', 'imblearn': '0.14.1', 'category_encoders': '2.7.0', 'lightgbm': '4.6.0', 'numba': '0.65.1', 'requests': '2.34.2', 'matplotlib': '3.7.5', 'scikitplot': '0.3.7', 'yellowbrick': '1.5', 'plotly': '6.7.0', 'plotly-resampler': 'Not installed', 'kaleido': '1.3.0', 'schemdraw': '0.15', 'statsmodels': '0.14.6', 'sktime': '0.26.0', 'tbats': '1.1.3', 'pmdarima': '2.0.4', 'psutil': '7.2.2', 'markupsafe': '3.0.3', 'pickle5': 'Not installed', 'cloudpickle': '3.1.2', 'deprecation': '2.1.0', 'xxhash': '3.7.0', 'wurlitzer': 'Not installed'}, 'python': {'version': '3.11.9', 'machine': 'AMD64'}}
pickle: {'deps_info': {'pip': '24.1.2', 'setuptools': '75.2.0', 'pycaret': '3.3.2', 'IPython': '7.34.0', 'ipywidgets': '7.7.1', 'tqdm': '4.67.1', 'numpy': '1.26.4', 'pandas': '2.1.4', 'jinja2': '3.1.6', 'scipy': '1.11.4', 'joblib': '1.3.2', 'sklearn': '1.4.2', 'pyod': '3.4.0', 'imblearn': '0.14.1', 'category_encoders': '2.7.0', 'lightgbm': '4.5.0', 'numba': '0.60.0', 'requests': '2.32.3', 'matplotlib': '3.7.5', 'scikitplot': '0.3.7', 'yellowbrick': '1.5', 'plotly': '5.24.1', 'plotly-resampler': 'Not installed', 'kaleido': '1.3.0', 'schemdraw': '0.15', 'statsmodels': '0.14.5', 'sktime': '0.26.0', 'tbats': '1.1.3', 'pmdarima': '2.0.4', 'psutil': '5.9.5', 'markupsafe': '2.0.1', 'pickle5': 'Not installed', 'cloudpickle': '3.1.1', 'deprecation': '2.1.0', 'xxhash': '3.5.0', 'wurlitzer': '3.1.1'}, 'python': {'version': '3.11.13', 'machine': 'x86_64'}}
  warnings.warn(

2026-06-02 17:39:36,804:INFO:Initializing predict_model()
2026-06-02 17:39:36,809:INFO:predict_model(self=<pycaret.classification.oop.ClassificationExperiment object at 0x0000025F9C06D310>, estimator=Pipeline(memory=Memory(location=None),
         steps=[('numerical_imputer',
                 TransformerWrapper(include=['income_bracket',
                                             'education_level',
                                             'app_usage_time_min',
                                             'swipe_right_ratio',
                                             'likes_received', 'mutual_matches',
                                             'profile_pics_count', 'bio_length',
                                             'message_sent_count',
                                             'emoji_usage_rate',
                                             'last_active_hour'],
                                    transformer=SimpleImputer())),
                ('categorical_imputer'...
                                                                    'swipe_time_of_day'],
                                                              handle_missing='return_nan',
                                                              use_cat_names=True))),
                ('balance',
                 TransformerWrapper(transformer=FixImbalancer(estimator=SMOTE(random_state=42)))),
                ('normalize', TransformerWrapper(transformer=StandardScaler())),
                ('pca',
                 TransformerWrapper(exclude=[],
                                    transformer=PCA(n_components=10))),
                ('actual_estimator', KNeighborsClassifier(n_jobs=-1))]), probability_threshold=None, encoded_labels=False, raw_score=False, round=4, verbose=True, ml_usecase=None, preprocess=True, encode_labels=<function _SupervisedExperiment.predict_model.<locals>.encode_labels at 0x0000025FDF7F11C0>)
2026-06-02 17:39:36,809:INFO:Checking exceptions
2026-06-02 17:39:36,810:INFO:Preloading libraries
2026-06-02 17:39:36,816:INFO:Set up data.
2026-06-02 17:39:36,858:INFO:Set up index.
2026-06-02 17:43:17,548:WARNING:
'cuml' is a soft dependency and not included in the pycaret installation. Please run: `pip install cuml` to install.
2026-06-02 17:43:17,548:WARNING:
'cuml' is a soft dependency and not included in the pycaret installation. Please run: `pip install cuml` to install.
2026-06-02 17:43:17,548:WARNING:
'cuml' is a soft dependency and not included in the pycaret installation. Please run: `pip install cuml` to install.
2026-06-02 17:43:17,548:WARNING:
'cuml' is a soft dependency and not included in the pycaret installation. Please run: `pip install cuml` to install.
2026-06-02 17:43:22,185:INFO:Initializing load_model()
2026-06-02 17:43:22,185:INFO:load_model(model_name=best_automl_ghosting_pipeline, platform=None, authentication=None, verbose=True)
2026-06-02 17:43:22,307:WARNING:C:\Users\Surface Laptop 3\AppData\Local\Programs\Python\Python311\Lib\site-packages\pycaret\internal\pipeline.py:148: UserWarning: Version mismatch:
current: {'deps_info': {'pip': '24.0', 'setuptools': '65.5.0', 'pycaret': '3.3.2', 'IPython': '9.14.0', 'ipywidgets': '8.1.8', 'tqdm': '4.67.3', 'numpy': '1.26.4', 'pandas': '2.1.4', 'jinja2': '3.1.6', 'scipy': '1.11.4', 'joblib': '1.3.2', 'sklearn': '1.4.2', 'pyod': '3.4.0', 'imblearn': '0.14.1', 'category_encoders': '2.7.0', 'lightgbm': '4.6.0', 'numba': '0.65.1', 'requests': '2.34.2', 'matplotlib': '3.7.5', 'scikitplot': '0.3.7', 'yellowbrick': '1.5', 'plotly': '6.7.0', 'plotly-resampler': 'Not installed', 'kaleido': '1.3.0', 'schemdraw': '0.15', 'statsmodels': '0.14.6', 'sktime': '0.26.0', 'tbats': '1.1.3', 'pmdarima': '2.0.4', 'psutil': '7.2.2', 'markupsafe': '3.0.3', 'pickle5': 'Not installed', 'cloudpickle': '3.1.2', 'deprecation': '2.1.0', 'xxhash': '3.7.0', 'wurlitzer': 'Not installed'}, 'python': {'version': '3.11.9', 'machine': 'AMD64'}}
pickle: {'deps_info': {'pip': '24.1.2', 'setuptools': '75.2.0', 'pycaret': '3.3.2', 'IPython': '7.34.0', 'ipywidgets': '7.7.1', 'tqdm': '4.67.1', 'numpy': '1.26.4', 'pandas': '2.1.4', 'jinja2': '3.1.6', 'scipy': '1.11.4', 'joblib': '1.3.2', 'sklearn': '1.4.2', 'pyod': '3.4.0', 'imblearn': '0.14.1', 'category_encoders': '2.7.0', 'lightgbm': '4.5.0', 'numba': '0.60.0', 'requests': '2.32.3', 'matplotlib': '3.7.5', 'scikitplot': '0.3.7', 'yellowbrick': '1.5', 'plotly': '5.24.1', 'plotly-resampler': 'Not installed', 'kaleido': '1.3.0', 'schemdraw': '0.15', 'statsmodels': '0.14.5', 'sktime': '0.26.0', 'tbats': '1.1.3', 'pmdarima': '2.0.4', 'psutil': '5.9.5', 'markupsafe': '2.0.1', 'pickle5': 'Not installed', 'cloudpickle': '3.1.1', 'deprecation': '2.1.0', 'xxhash': '3.5.0', 'wurlitzer': '3.1.1'}, 'python': {'version': '3.11.13', 'machine': 'x86_64'}}
  warnings.warn(

2026-06-02 17:44:01,330:INFO:Initializing predict_model()
2026-06-02 17:44:01,330:INFO:predict_model(self=<pycaret.classification.oop.ClassificationExperiment object at 0x00000282F66AEA10>, estimator=Pipeline(memory=Memory(location=None),
         steps=[('numerical_imputer',
                 TransformerWrapper(include=['income_bracket',
                                             'education_level',
                                             'app_usage_time_min',
                                             'swipe_right_ratio',
                                             'likes_received', 'mutual_matches',
                                             'profile_pics_count', 'bio_length',
                                             'message_sent_count',
                                             'emoji_usage_rate',
                                             'last_active_hour'],
                                    transformer=SimpleImputer())),
                ('categorical_imputer'...
                                                                    'swipe_time_of_day'],
                                                              handle_missing='return_nan',
                                                              use_cat_names=True))),
                ('balance',
                 TransformerWrapper(transformer=FixImbalancer(estimator=SMOTE(random_state=42)))),
                ('normalize', TransformerWrapper(transformer=StandardScaler())),
                ('pca',
                 TransformerWrapper(exclude=[],
                                    transformer=PCA(n_components=10))),
                ('actual_estimator', KNeighborsClassifier(n_jobs=-1))]), probability_threshold=None, encoded_labels=False, raw_score=False, round=4, verbose=True, ml_usecase=None, preprocess=True, encode_labels=<function _SupervisedExperiment.predict_model.<locals>.encode_labels at 0x00000282F55032E0>)
2026-06-02 17:44:01,330:INFO:Checking exceptions
2026-06-02 17:44:01,330:INFO:Preloading libraries
2026-06-02 17:44:01,330:INFO:Set up data.
2026-06-02 17:44:01,330:INFO:Set up index.
2026-06-02 17:45:52,609:INFO:Initializing load_model()
2026-06-02 17:45:52,609:INFO:load_model(model_name=best_automl_ghosting_pipeline, platform=None, authentication=None, verbose=True)
2026-06-02 17:45:52,647:WARNING:C:\Users\Surface Laptop 3\AppData\Local\Programs\Python\Python311\Lib\site-packages\pycaret\internal\pipeline.py:148: UserWarning: Version mismatch:
current: {'deps_info': {'pip': '24.0', 'setuptools': '65.5.0', 'pycaret': '3.3.2', 'IPython': '9.14.0', 'ipywidgets': '8.1.8', 'tqdm': '4.67.3', 'numpy': '1.26.4', 'pandas': '2.1.4', 'jinja2': '3.1.6', 'scipy': '1.11.4', 'joblib': '1.3.2', 'sklearn': '1.4.2', 'pyod': '3.4.0', 'imblearn': '0.14.1', 'category_encoders': '2.7.0', 'lightgbm': '4.6.0', 'numba': '0.65.1', 'requests': '2.34.2', 'matplotlib': '3.7.5', 'scikitplot': '0.3.7', 'yellowbrick': '1.5', 'plotly': '6.7.0', 'plotly-resampler': 'Not installed', 'kaleido': '1.3.0', 'schemdraw': '0.15', 'statsmodels': '0.14.6', 'sktime': '0.26.0', 'tbats': '1.1.3', 'pmdarima': '2.0.4', 'psutil': '7.2.2', 'markupsafe': '3.0.3', 'pickle5': 'Not installed', 'cloudpickle': '3.1.2', 'deprecation': '2.1.0', 'xxhash': '3.7.0', 'wurlitzer': 'Not installed'}, 'python': {'version': '3.11.9', 'machine': 'AMD64'}}
pickle: {'deps_info': {'pip': '24.1.2', 'setuptools': '75.2.0', 'pycaret': '3.3.2', 'IPython': '7.34.0', 'ipywidgets': '7.7.1', 'tqdm': '4.67.1', 'numpy': '1.26.4', 'pandas': '2.1.4', 'jinja2': '3.1.6', 'scipy': '1.11.4', 'joblib': '1.3.2', 'sklearn': '1.4.2', 'pyod': '3.4.0', 'imblearn': '0.14.1', 'category_encoders': '2.7.0', 'lightgbm': '4.5.0', 'numba': '0.60.0', 'requests': '2.32.3', 'matplotlib': '3.7.5', 'scikitplot': '0.3.7', 'yellowbrick': '1.5', 'plotly': '5.24.1', 'plotly-resampler': 'Not installed', 'kaleido': '1.3.0', 'schemdraw': '0.15', 'statsmodels': '0.14.5', 'sktime': '0.26.0', 'tbats': '1.1.3', 'pmdarima': '2.0.4', 'psutil': '5.9.5', 'markupsafe': '2.0.1', 'pickle5': 'Not installed', 'cloudpickle': '3.1.1', 'deprecation': '2.1.0', 'xxhash': '3.5.0', 'wurlitzer': '3.1.1'}, 'python': {'version': '3.11.13', 'machine': 'x86_64'}}
  warnings.warn(

2026-06-02 17:45:52,714:INFO:Initializing predict_model()
2026-06-02 17:45:52,714:INFO:predict_model(self=<pycaret.classification.oop.ClassificationExperiment object at 0x0000025F89B21E10>, estimator=Pipeline(memory=Memory(location=None),
         steps=[('numerical_imputer',
                 TransformerWrapper(include=['income_bracket',
                                             'education_level',
                                             'app_usage_time_min',
                                             'swipe_right_ratio',
                                             'likes_received', 'mutual_matches',
                                             'profile_pics_count', 'bio_length',
                                             'message_sent_count',
                                             'emoji_usage_rate',
                                             'last_active_hour'],
                                    transformer=SimpleImputer())),
                ('categorical_imputer'...
                                                                    'swipe_time_of_day'],
                                                              handle_missing='return_nan',
                                                              use_cat_names=True))),
                ('balance',
                 TransformerWrapper(transformer=FixImbalancer(estimator=SMOTE(random_state=42)))),
                ('normalize', TransformerWrapper(transformer=StandardScaler())),
                ('pca',
                 TransformerWrapper(exclude=[],
                                    transformer=PCA(n_components=10))),
                ('actual_estimator', KNeighborsClassifier(n_jobs=-1))]), probability_threshold=None, encoded_labels=False, raw_score=False, round=4, verbose=True, ml_usecase=None, preprocess=True, encode_labels=<function _SupervisedExperiment.predict_model.<locals>.encode_labels at 0x0000025F96E920C0>)
2026-06-02 17:45:52,714:INFO:Checking exceptions
2026-06-02 17:45:52,714:INFO:Preloading libraries
2026-06-02 17:45:52,721:INFO:Set up data.
2026-06-02 17:45:52,731:INFO:Set up index.
2026-06-02 17:46:01,924:INFO:Initializing load_model()
2026-06-02 17:46:01,929:INFO:load_model(model_name=best_automl_ghosting_pipeline, platform=None, authentication=None, verbose=True)
2026-06-02 17:46:01,981:WARNING:C:\Users\Surface Laptop 3\AppData\Local\Programs\Python\Python311\Lib\site-packages\pycaret\internal\pipeline.py:148: UserWarning: Version mismatch:
current: {'deps_info': {'pip': '24.0', 'setuptools': '65.5.0', 'pycaret': '3.3.2', 'IPython': '9.14.0', 'ipywidgets': '8.1.8', 'tqdm': '4.67.3', 'numpy': '1.26.4', 'pandas': '2.1.4', 'jinja2': '3.1.6', 'scipy': '1.11.4', 'joblib': '1.3.2', 'sklearn': '1.4.2', 'pyod': '3.4.0', 'imblearn': '0.14.1', 'category_encoders': '2.7.0', 'lightgbm': '4.6.0', 'numba': '0.65.1', 'requests': '2.34.2', 'matplotlib': '3.7.5', 'scikitplot': '0.3.7', 'yellowbrick': '1.5', 'plotly': '6.7.0', 'plotly-resampler': 'Not installed', 'kaleido': '1.3.0', 'schemdraw': '0.15', 'statsmodels': '0.14.6', 'sktime': '0.26.0', 'tbats': '1.1.3', 'pmdarima': '2.0.4', 'psutil': '7.2.2', 'markupsafe': '3.0.3', 'pickle5': 'Not installed', 'cloudpickle': '3.1.2', 'deprecation': '2.1.0', 'xxhash': '3.7.0', 'wurlitzer': 'Not installed'}, 'python': {'version': '3.11.9', 'machine': 'AMD64'}}
pickle: {'deps_info': {'pip': '24.1.2', 'setuptools': '75.2.0', 'pycaret': '3.3.2', 'IPython': '7.34.0', 'ipywidgets': '7.7.1', 'tqdm': '4.67.1', 'numpy': '1.26.4', 'pandas': '2.1.4', 'jinja2': '3.1.6', 'scipy': '1.11.4', 'joblib': '1.3.2', 'sklearn': '1.4.2', 'pyod': '3.4.0', 'imblearn': '0.14.1', 'category_encoders': '2.7.0', 'lightgbm': '4.5.0', 'numba': '0.60.0', 'requests': '2.32.3', 'matplotlib': '3.7.5', 'scikitplot': '0.3.7', 'yellowbrick': '1.5', 'plotly': '5.24.1', 'plotly-resampler': 'Not installed', 'kaleido': '1.3.0', 'schemdraw': '0.15', 'statsmodels': '0.14.5', 'sktime': '0.26.0', 'tbats': '1.1.3', 'pmdarima': '2.0.4', 'psutil': '5.9.5', 'markupsafe': '2.0.1', 'pickle5': 'Not installed', 'cloudpickle': '3.1.1', 'deprecation': '2.1.0', 'xxhash': '3.5.0', 'wurlitzer': '3.1.1'}, 'python': {'version': '3.11.13', 'machine': 'x86_64'}}
  warnings.warn(

2026-06-02 17:46:02,045:INFO:Initializing predict_model()
2026-06-02 17:46:02,045:INFO:predict_model(self=<pycaret.classification.oop.ClassificationExperiment object at 0x0000025FE3067C50>, estimator=Pipeline(memory=Memory(location=None),
         steps=[('numerical_imputer',
                 TransformerWrapper(include=['income_bracket',
                                             'education_level',
                                             'app_usage_time_min',
                                             'swipe_right_ratio',
                                             'likes_received', 'mutual_matches',
                                             'profile_pics_count', 'bio_length',
                                             'message_sent_count',
                                             'emoji_usage_rate',
                                             'last_active_hour'],
                                    transformer=SimpleImputer())),
                ('categorical_imputer'...
                                                                    'swipe_time_of_day'],
                                                              handle_missing='return_nan',
                                                              use_cat_names=True))),
                ('balance',
                 TransformerWrapper(transformer=FixImbalancer(estimator=SMOTE(random_state=42)))),
                ('normalize', TransformerWrapper(transformer=StandardScaler())),
                ('pca',
                 TransformerWrapper(exclude=[],
                                    transformer=PCA(n_components=10))),
                ('actual_estimator', KNeighborsClassifier(n_jobs=-1))]), probability_threshold=None, encoded_labels=False, raw_score=False, round=4, verbose=True, ml_usecase=None, preprocess=True, encode_labels=<function _SupervisedExperiment.predict_model.<locals>.encode_labels at 0x0000025FDD122D40>)
2026-06-02 17:46:02,045:INFO:Checking exceptions
2026-06-02 17:46:02,047:INFO:Preloading libraries
2026-06-02 17:46:02,047:INFO:Set up data.
2026-06-02 17:46:02,057:INFO:Set up index.
2026-06-02 17:48:31,403:WARNING:
'cuml' is a soft dependency and not included in the pycaret installation. Please run: `pip install cuml` to install.
2026-06-02 17:48:31,403:WARNING:
'cuml' is a soft dependency and not included in the pycaret installation. Please run: `pip install cuml` to install.
2026-06-02 17:48:31,403:WARNING:
'cuml' is a soft dependency and not included in the pycaret installation. Please run: `pip install cuml` to install.
2026-06-02 17:48:31,403:WARNING:
'cuml' is a soft dependency and not included in the pycaret installation. Please run: `pip install cuml` to install.
2026-06-02 17:48:34,291:INFO:Initializing load_model()
2026-06-02 17:48:34,291:INFO:load_model(model_name=best_automl_ghosting_pipeline, platform=None, authentication=None, verbose=True)
2026-06-02 17:48:34,412:WARNING:C:\Users\Surface Laptop 3\AppData\Local\Programs\Python\Python311\Lib\site-packages\pycaret\internal\pipeline.py:148: UserWarning: Version mismatch:
current: {'deps_info': {'pip': '24.0', 'setuptools': '65.5.0', 'pycaret': '3.3.2', 'IPython': '9.14.0', 'ipywidgets': '8.1.8', 'tqdm': '4.67.3', 'numpy': '1.26.4', 'pandas': '2.1.4', 'jinja2': '3.1.6', 'scipy': '1.11.4', 'joblib': '1.3.2', 'sklearn': '1.4.2', 'pyod': '3.4.0', 'imblearn': '0.14.1', 'category_encoders': '2.7.0', 'lightgbm': '4.6.0', 'numba': '0.65.1', 'requests': '2.34.2', 'matplotlib': '3.7.5', 'scikitplot': '0.3.7', 'yellowbrick': '1.5', 'plotly': '6.7.0', 'plotly-resampler': 'Not installed', 'kaleido': '1.3.0', 'schemdraw': '0.15', 'statsmodels': '0.14.6', 'sktime': '0.26.0', 'tbats': '1.1.3', 'pmdarima': '2.0.4', 'psutil': '7.2.2', 'markupsafe': '3.0.3', 'pickle5': 'Not installed', 'cloudpickle': '3.1.2', 'deprecation': '2.1.0', 'xxhash': '3.7.0', 'wurlitzer': 'Not installed'}, 'python': {'version': '3.11.9', 'machine': 'AMD64'}}
pickle: {'deps_info': {'pip': '24.1.2', 'setuptools': '75.2.0', 'pycaret': '3.3.2', 'IPython': '7.34.0', 'ipywidgets': '7.7.1', 'tqdm': '4.67.1', 'numpy': '1.26.4', 'pandas': '2.1.4', 'jinja2': '3.1.6', 'scipy': '1.11.4', 'joblib': '1.3.2', 'sklearn': '1.4.2', 'pyod': '3.4.0', 'imblearn': '0.14.1', 'category_encoders': '2.7.0', 'lightgbm': '4.5.0', 'numba': '0.60.0', 'requests': '2.32.3', 'matplotlib': '3.7.5', 'scikitplot': '0.3.7', 'yellowbrick': '1.5', 'plotly': '5.24.1', 'plotly-resampler': 'Not installed', 'kaleido': '1.3.0', 'schemdraw': '0.15', 'statsmodels': '0.14.5', 'sktime': '0.26.0', 'tbats': '1.1.3', 'pmdarima': '2.0.4', 'psutil': '5.9.5', 'markupsafe': '2.0.1', 'pickle5': 'Not installed', 'cloudpickle': '3.1.1', 'deprecation': '2.1.0', 'xxhash': '3.5.0', 'wurlitzer': '3.1.1'}, 'python': {'version': '3.11.13', 'machine': 'x86_64'}}
  warnings.warn(

2026-06-02 17:49:56,779:WARNING:
'cuml' is a soft dependency and not included in the pycaret installation. Please run: `pip install cuml` to install.
2026-06-02 17:49:56,779:WARNING:
'cuml' is a soft dependency and not included in the pycaret installation. Please run: `pip install cuml` to install.
2026-06-02 17:49:56,779:WARNING:
'cuml' is a soft dependency and not included in the pycaret installation. Please run: `pip install cuml` to install.
2026-06-02 17:49:56,779:WARNING:
'cuml' is a soft dependency and not included in the pycaret installation. Please run: `pip install cuml` to install.
2026-06-02 17:50:00,201:INFO:Initializing load_model()
2026-06-02 17:50:00,201:INFO:load_model(model_name=best_automl_ghosting_pipeline, platform=None, authentication=None, verbose=True)
2026-06-02 17:50:00,291:WARNING:C:\Users\Surface Laptop 3\AppData\Local\Programs\Python\Python311\Lib\site-packages\pycaret\internal\pipeline.py:148: UserWarning: Version mismatch:
current: {'deps_info': {'pip': '24.0', 'setuptools': '65.5.0', 'pycaret': '3.3.2', 'IPython': '9.14.0', 'ipywidgets': '8.1.8', 'tqdm': '4.67.3', 'numpy': '1.26.4', 'pandas': '2.1.4', 'jinja2': '3.1.6', 'scipy': '1.11.4', 'joblib': '1.3.2', 'sklearn': '1.4.2', 'pyod': '3.4.0', 'imblearn': '0.14.1', 'category_encoders': '2.7.0', 'lightgbm': '4.6.0', 'numba': '0.65.1', 'requests': '2.34.2', 'matplotlib': '3.7.5', 'scikitplot': '0.3.7', 'yellowbrick': '1.5', 'plotly': '6.7.0', 'plotly-resampler': 'Not installed', 'kaleido': '1.3.0', 'schemdraw': '0.15', 'statsmodels': '0.14.6', 'sktime': '0.26.0', 'tbats': '1.1.3', 'pmdarima': '2.0.4', 'psutil': '7.2.2', 'markupsafe': '3.0.3', 'pickle5': 'Not installed', 'cloudpickle': '3.1.2', 'deprecation': '2.1.0', 'xxhash': '3.7.0', 'wurlitzer': 'Not installed'}, 'python': {'version': '3.11.9', 'machine': 'AMD64'}}
pickle: {'deps_info': {'pip': '24.1.2', 'setuptools': '75.2.0', 'pycaret': '3.3.2', 'IPython': '7.34.0', 'ipywidgets': '7.7.1', 'tqdm': '4.67.1', 'numpy': '1.26.4', 'pandas': '2.1.4', 'jinja2': '3.1.6', 'scipy': '1.11.4', 'joblib': '1.3.2', 'sklearn': '1.4.2', 'pyod': '3.4.0', 'imblearn': '0.14.1', 'category_encoders': '2.7.0', 'lightgbm': '4.5.0', 'numba': '0.60.0', 'requests': '2.32.3', 'matplotlib': '3.7.5', 'scikitplot': '0.3.7', 'yellowbrick': '1.5', 'plotly': '5.24.1', 'plotly-resampler': 'Not installed', 'kaleido': '1.3.0', 'schemdraw': '0.15', 'statsmodels': '0.14.5', 'sktime': '0.26.0', 'tbats': '1.1.3', 'pmdarima': '2.0.4', 'psutil': '5.9.5', 'markupsafe': '2.0.1', 'pickle5': 'Not installed', 'cloudpickle': '3.1.1', 'deprecation': '2.1.0', 'xxhash': '3.5.0', 'wurlitzer': '3.1.1'}, 'python': {'version': '3.11.13', 'machine': 'x86_64'}}
  warnings.warn(

2026-06-02 17:51:40,016:INFO:Initializing load_model()
2026-06-02 17:51:40,021:INFO:load_model(model_name=best_automl_ghosting_pipeline, platform=None, authentication=None, verbose=True)
2026-06-02 17:51:40,064:WARNING:C:\Users\Surface Laptop 3\AppData\Local\Programs\Python\Python311\Lib\site-packages\pycaret\internal\pipeline.py:148: UserWarning: Version mismatch:
current: {'deps_info': {'pip': '24.0', 'setuptools': '65.5.0', 'pycaret': '3.3.2', 'IPython': '9.14.0', 'ipywidgets': '8.1.8', 'tqdm': '4.67.3', 'numpy': '1.26.4', 'pandas': '2.1.4', 'jinja2': '3.1.6', 'scipy': '1.11.4', 'joblib': '1.3.2', 'sklearn': '1.4.2', 'pyod': '3.4.0', 'imblearn': '0.14.1', 'category_encoders': '2.7.0', 'lightgbm': '4.6.0', 'numba': '0.65.1', 'requests': '2.34.2', 'matplotlib': '3.7.5', 'scikitplot': '0.3.7', 'yellowbrick': '1.5', 'plotly': '6.7.0', 'plotly-resampler': 'Not installed', 'kaleido': '1.3.0', 'schemdraw': '0.15', 'statsmodels': '0.14.6', 'sktime': '0.26.0', 'tbats': '1.1.3', 'pmdarima': '2.0.4', 'psutil': '7.2.2', 'markupsafe': '3.0.3', 'pickle5': 'Not installed', 'cloudpickle': '3.1.2', 'deprecation': '2.1.0', 'xxhash': '3.7.0', 'wurlitzer': 'Not installed'}, 'python': {'version': '3.11.9', 'machine': 'AMD64'}}
pickle: {'deps_info': {'pip': '24.1.2', 'setuptools': '75.2.0', 'pycaret': '3.3.2', 'IPython': '7.34.0', 'ipywidgets': '7.7.1', 'tqdm': '4.67.1', 'numpy': '1.26.4', 'pandas': '2.1.4', 'jinja2': '3.1.6', 'scipy': '1.11.4', 'joblib': '1.3.2', 'sklearn': '1.4.2', 'pyod': '3.4.0', 'imblearn': '0.14.1', 'category_encoders': '2.7.0', 'lightgbm': '4.5.0', 'numba': '0.60.0', 'requests': '2.32.3', 'matplotlib': '3.7.5', 'scikitplot': '0.3.7', 'yellowbrick': '1.5', 'plotly': '5.24.1', 'plotly-resampler': 'Not installed', 'kaleido': '1.3.0', 'schemdraw': '0.15', 'statsmodels': '0.14.5', 'sktime': '0.26.0', 'tbats': '1.1.3', 'pmdarima': '2.0.4', 'psutil': '5.9.5', 'markupsafe': '2.0.1', 'pickle5': 'Not installed', 'cloudpickle': '3.1.1', 'deprecation': '2.1.0', 'xxhash': '3.5.0', 'wurlitzer': '3.1.1'}, 'python': {'version': '3.11.13', 'machine': 'x86_64'}}
  warnings.warn(

2026-06-02 17:51:51,158:INFO:Initializing load_model()
2026-06-02 17:51:51,158:INFO:load_model(model_name=best_automl_ghosting_pipeline, platform=None, authentication=None, verbose=True)
2026-06-02 17:51:51,215:WARNING:C:\Users\Surface Laptop 3\AppData\Local\Programs\Python\Python311\Lib\site-packages\pycaret\internal\pipeline.py:148: UserWarning: Version mismatch:
current: {'deps_info': {'pip': '24.0', 'setuptools': '65.5.0', 'pycaret': '3.3.2', 'IPython': '9.14.0', 'ipywidgets': '8.1.8', 'tqdm': '4.67.3', 'numpy': '1.26.4', 'pandas': '2.1.4', 'jinja2': '3.1.6', 'scipy': '1.11.4', 'joblib': '1.3.2', 'sklearn': '1.4.2', 'pyod': '3.4.0', 'imblearn': '0.14.1', 'category_encoders': '2.7.0', 'lightgbm': '4.6.0', 'numba': '0.65.1', 'requests': '2.34.2', 'matplotlib': '3.7.5', 'scikitplot': '0.3.7', 'yellowbrick': '1.5', 'plotly': '6.7.0', 'plotly-resampler': 'Not installed', 'kaleido': '1.3.0', 'schemdraw': '0.15', 'statsmodels': '0.14.6', 'sktime': '0.26.0', 'tbats': '1.1.3', 'pmdarima': '2.0.4', 'psutil': '7.2.2', 'markupsafe': '3.0.3', 'pickle5': 'Not installed', 'cloudpickle': '3.1.2', 'deprecation': '2.1.0', 'xxhash': '3.7.0', 'wurlitzer': 'Not installed'}, 'python': {'version': '3.11.9', 'machine': 'AMD64'}}
pickle: {'deps_info': {'pip': '24.1.2', 'setuptools': '75.2.0', 'pycaret': '3.3.2', 'IPython': '7.34.0', 'ipywidgets': '7.7.1', 'tqdm': '4.67.1', 'numpy': '1.26.4', 'pandas': '2.1.4', 'jinja2': '3.1.6', 'scipy': '1.11.4', 'joblib': '1.3.2', 'sklearn': '1.4.2', 'pyod': '3.4.0', 'imblearn': '0.14.1', 'category_encoders': '2.7.0', 'lightgbm': '4.5.0', 'numba': '0.60.0', 'requests': '2.32.3', 'matplotlib': '3.7.5', 'scikitplot': '0.3.7', 'yellowbrick': '1.5', 'plotly': '5.24.1', 'plotly-resampler': 'Not installed', 'kaleido': '1.3.0', 'schemdraw': '0.15', 'statsmodels': '0.14.5', 'sktime': '0.26.0', 'tbats': '1.1.3', 'pmdarima': '2.0.4', 'psutil': '5.9.5', 'markupsafe': '2.0.1', 'pickle5': 'Not installed', 'cloudpickle': '3.1.1', 'deprecation': '2.1.0', 'xxhash': '3.5.0', 'wurlitzer': '3.1.1'}, 'python': {'version': '3.11.13', 'machine': 'x86_64'}}
  warnings.warn(

2026-06-02 17:51:51,282:INFO:Initializing predict_model()
2026-06-02 17:51:51,282:INFO:predict_model(self=<pycaret.classification.oop.ClassificationExperiment object at 0x0000025F89B202D0>, estimator=Pipeline(memory=Memory(location=None),
         steps=[('numerical_imputer',
                 TransformerWrapper(include=['income_bracket',
                                             'education_level',
                                             'app_usage_time_min',
                                             'swipe_right_ratio',
                                             'likes_received', 'mutual_matches',
                                             'profile_pics_count', 'bio_length',
                                             'message_sent_count',
                                             'emoji_usage_rate',
                                             'last_active_hour'],
                                    transformer=SimpleImputer())),
                ('categorical_imputer'...
                                                                    'swipe_time_of_day'],
                                                              handle_missing='return_nan',
                                                              use_cat_names=True))),
                ('balance',
                 TransformerWrapper(transformer=FixImbalancer(estimator=SMOTE(random_state=42)))),
                ('normalize', TransformerWrapper(transformer=StandardScaler())),
                ('pca',
                 TransformerWrapper(exclude=[],
                                    transformer=PCA(n_components=10))),
                ('actual_estimator', KNeighborsClassifier(n_jobs=-1))]), probability_threshold=None, encoded_labels=False, raw_score=False, round=4, verbose=True, ml_usecase=None, preprocess=True, encode_labels=<function _SupervisedExperiment.predict_model.<locals>.encode_labels at 0x0000025F96E93D80>)
2026-06-02 17:51:51,282:INFO:Checking exceptions
2026-06-02 17:51:51,282:INFO:Preloading libraries
2026-06-02 17:51:51,287:INFO:Set up data.
2026-06-02 17:51:51,303:INFO:Set up index.
2026-06-02 17:55:05,823:INFO:Initializing load_model()
2026-06-02 17:55:05,825:INFO:load_model(model_name=best_automl_ghosting_pipeline, platform=None, authentication=None, verbose=True)
2026-06-02 17:55:05,860:WARNING:C:\Users\Surface Laptop 3\AppData\Local\Programs\Python\Python311\Lib\site-packages\pycaret\internal\pipeline.py:148: UserWarning: Version mismatch:
current: {'deps_info': {'pip': '24.0', 'setuptools': '65.5.0', 'pycaret': '3.3.2', 'IPython': '9.14.0', 'ipywidgets': '8.1.8', 'tqdm': '4.67.3', 'numpy': '1.26.4', 'pandas': '2.1.4', 'jinja2': '3.1.6', 'scipy': '1.11.4', 'joblib': '1.3.2', 'sklearn': '1.4.2', 'pyod': '3.4.0', 'imblearn': '0.14.1', 'category_encoders': '2.7.0', 'lightgbm': '4.6.0', 'numba': '0.65.1', 'requests': '2.34.2', 'matplotlib': '3.7.5', 'scikitplot': '0.3.7', 'yellowbrick': '1.5', 'plotly': '6.7.0', 'plotly-resampler': 'Not installed', 'kaleido': '1.3.0', 'schemdraw': '0.15', 'statsmodels': '0.14.6', 'sktime': '0.26.0', 'tbats': '1.1.3', 'pmdarima': '2.0.4', 'psutil': '7.2.2', 'markupsafe': '3.0.3', 'pickle5': 'Not installed', 'cloudpickle': '3.1.2', 'deprecation': '2.1.0', 'xxhash': '3.7.0', 'wurlitzer': 'Not installed'}, 'python': {'version': '3.11.9', 'machine': 'AMD64'}}
pickle: {'deps_info': {'pip': '24.1.2', 'setuptools': '75.2.0', 'pycaret': '3.3.2', 'IPython': '7.34.0', 'ipywidgets': '7.7.1', 'tqdm': '4.67.1', 'numpy': '1.26.4', 'pandas': '2.1.4', 'jinja2': '3.1.6', 'scipy': '1.11.4', 'joblib': '1.3.2', 'sklearn': '1.4.2', 'pyod': '3.4.0', 'imblearn': '0.14.1', 'category_encoders': '2.7.0', 'lightgbm': '4.5.0', 'numba': '0.60.0', 'requests': '2.32.3', 'matplotlib': '3.7.5', 'scikitplot': '0.3.7', 'yellowbrick': '1.5', 'plotly': '5.24.1', 'plotly-resampler': 'Not installed', 'kaleido': '1.3.0', 'schemdraw': '0.15', 'statsmodels': '0.14.5', 'sktime': '0.26.0', 'tbats': '1.1.3', 'pmdarima': '2.0.4', 'psutil': '5.9.5', 'markupsafe': '2.0.1', 'pickle5': 'Not installed', 'cloudpickle': '3.1.1', 'deprecation': '2.1.0', 'xxhash': '3.5.0', 'wurlitzer': '3.1.1'}, 'python': {'version': '3.11.13', 'machine': 'x86_64'}}
  warnings.warn(

2026-06-02 17:55:17,196:INFO:Initializing load_model()
2026-06-02 17:55:17,196:INFO:load_model(model_name=best_automl_ghosting_pipeline, platform=None, authentication=None, verbose=True)
2026-06-02 17:55:17,249:WARNING:C:\Users\Surface Laptop 3\AppData\Local\Programs\Python\Python311\Lib\site-packages\pycaret\internal\pipeline.py:148: UserWarning: Version mismatch:
current: {'deps_info': {'pip': '24.0', 'setuptools': '65.5.0', 'pycaret': '3.3.2', 'IPython': '9.14.0', 'ipywidgets': '8.1.8', 'tqdm': '4.67.3', 'numpy': '1.26.4', 'pandas': '2.1.4', 'jinja2': '3.1.6', 'scipy': '1.11.4', 'joblib': '1.3.2', 'sklearn': '1.4.2', 'pyod': '3.4.0', 'imblearn': '0.14.1', 'category_encoders': '2.7.0', 'lightgbm': '4.6.0', 'numba': '0.65.1', 'requests': '2.34.2', 'matplotlib': '3.7.5', 'scikitplot': '0.3.7', 'yellowbrick': '1.5', 'plotly': '6.7.0', 'plotly-resampler': 'Not installed', 'kaleido': '1.3.0', 'schemdraw': '0.15', 'statsmodels': '0.14.6', 'sktime': '0.26.0', 'tbats': '1.1.3', 'pmdarima': '2.0.4', 'psutil': '7.2.2', 'markupsafe': '3.0.3', 'pickle5': 'Not installed', 'cloudpickle': '3.1.2', 'deprecation': '2.1.0', 'xxhash': '3.7.0', 'wurlitzer': 'Not installed'}, 'python': {'version': '3.11.9', 'machine': 'AMD64'}}
pickle: {'deps_info': {'pip': '24.1.2', 'setuptools': '75.2.0', 'pycaret': '3.3.2', 'IPython': '7.34.0', 'ipywidgets': '7.7.1', 'tqdm': '4.67.1', 'numpy': '1.26.4', 'pandas': '2.1.4', 'jinja2': '3.1.6', 'scipy': '1.11.4', 'joblib': '1.3.2', 'sklearn': '1.4.2', 'pyod': '3.4.0', 'imblearn': '0.14.1', 'category_encoders': '2.7.0', 'lightgbm': '4.5.0', 'numba': '0.60.0', 'requests': '2.32.3', 'matplotlib': '3.7.5', 'scikitplot': '0.3.7', 'yellowbrick': '1.5', 'plotly': '5.24.1', 'plotly-resampler': 'Not installed', 'kaleido': '1.3.0', 'schemdraw': '0.15', 'statsmodels': '0.14.5', 'sktime': '0.26.0', 'tbats': '1.1.3', 'pmdarima': '2.0.4', 'psutil': '5.9.5', 'markupsafe': '2.0.1', 'pickle5': 'Not installed', 'cloudpickle': '3.1.1', 'deprecation': '2.1.0', 'xxhash': '3.5.0', 'wurlitzer': '3.1.1'}, 'python': {'version': '3.11.13', 'machine': 'x86_64'}}
  warnings.warn(

2026-06-02 17:55:19,797:INFO:Initializing load_model()
2026-06-02 17:55:19,797:INFO:load_model(model_name=best_automl_ghosting_pipeline, platform=None, authentication=None, verbose=True)
2026-06-02 17:55:19,865:WARNING:C:\Users\Surface Laptop 3\AppData\Local\Programs\Python\Python311\Lib\site-packages\pycaret\internal\pipeline.py:148: UserWarning: Version mismatch:
current: {'deps_info': {'pip': '24.0', 'setuptools': '65.5.0', 'pycaret': '3.3.2', 'IPython': '9.14.0', 'ipywidgets': '8.1.8', 'tqdm': '4.67.3', 'numpy': '1.26.4', 'pandas': '2.1.4', 'jinja2': '3.1.6', 'scipy': '1.11.4', 'joblib': '1.3.2', 'sklearn': '1.4.2', 'pyod': '3.4.0', 'imblearn': '0.14.1', 'category_encoders': '2.7.0', 'lightgbm': '4.6.0', 'numba': '0.65.1', 'requests': '2.34.2', 'matplotlib': '3.7.5', 'scikitplot': '0.3.7', 'yellowbrick': '1.5', 'plotly': '6.7.0', 'plotly-resampler': 'Not installed', 'kaleido': '1.3.0', 'schemdraw': '0.15', 'statsmodels': '0.14.6', 'sktime': '0.26.0', 'tbats': '1.1.3', 'pmdarima': '2.0.4', 'psutil': '7.2.2', 'markupsafe': '3.0.3', 'pickle5': 'Not installed', 'cloudpickle': '3.1.2', 'deprecation': '2.1.0', 'xxhash': '3.7.0', 'wurlitzer': 'Not installed'}, 'python': {'version': '3.11.9', 'machine': 'AMD64'}}
pickle: {'deps_info': {'pip': '24.1.2', 'setuptools': '75.2.0', 'pycaret': '3.3.2', 'IPython': '7.34.0', 'ipywidgets': '7.7.1', 'tqdm': '4.67.1', 'numpy': '1.26.4', 'pandas': '2.1.4', 'jinja2': '3.1.6', 'scipy': '1.11.4', 'joblib': '1.3.2', 'sklearn': '1.4.2', 'pyod': '3.4.0', 'imblearn': '0.14.1', 'category_encoders': '2.7.0', 'lightgbm': '4.5.0', 'numba': '0.60.0', 'requests': '2.32.3', 'matplotlib': '3.7.5', 'scikitplot': '0.3.7', 'yellowbrick': '1.5', 'plotly': '5.24.1', 'plotly-resampler': 'Not installed', 'kaleido': '1.3.0', 'schemdraw': '0.15', 'statsmodels': '0.14.5', 'sktime': '0.26.0', 'tbats': '1.1.3', 'pmdarima': '2.0.4', 'psutil': '5.9.5', 'markupsafe': '2.0.1', 'pickle5': 'Not installed', 'cloudpickle': '3.1.1', 'deprecation': '2.1.0', 'xxhash': '3.5.0', 'wurlitzer': '3.1.1'}, 'python': {'version': '3.11.13', 'machine': 'x86_64'}}
  warnings.warn(

2026-06-02 17:55:19,925:INFO:Initializing predict_model()
2026-06-02 17:55:19,925:INFO:predict_model(self=<pycaret.classification.oop.ClassificationExperiment object at 0x0000025F96E94090>, estimator=Pipeline(memory=Memory(location=None),
         steps=[('numerical_imputer',
                 TransformerWrapper(include=['income_bracket',
                                             'education_level',
                                             'app_usage_time_min',
                                             'swipe_right_ratio',
                                             'likes_received', 'mutual_matches',
                                             'profile_pics_count', 'bio_length',
                                             'message_sent_count',
                                             'emoji_usage_rate',
                                             'last_active_hour'],
                                    transformer=SimpleImputer())),
                ('categorical_imputer'...
                                                                    'swipe_time_of_day'],
                                                              handle_missing='return_nan',
                                                              use_cat_names=True))),
                ('balance',
                 TransformerWrapper(transformer=FixImbalancer(estimator=SMOTE(random_state=42)))),
                ('normalize', TransformerWrapper(transformer=StandardScaler())),
                ('pca',
                 TransformerWrapper(exclude=[],
                                    transformer=PCA(n_components=10))),
                ('actual_estimator', KNeighborsClassifier(n_jobs=-1))]), probability_threshold=None, encoded_labels=False, raw_score=False, round=4, verbose=True, ml_usecase=None, preprocess=True, encode_labels=<function _SupervisedExperiment.predict_model.<locals>.encode_labels at 0x0000025F96E936A0>)
2026-06-02 17:55:19,925:INFO:Checking exceptions
2026-06-02 17:55:19,925:INFO:Preloading libraries
2026-06-02 17:55:19,925:INFO:Set up data.
2026-06-02 17:55:19,946:INFO:Set up index.
2026-06-02 17:57:34,100:INFO:Initializing load_model()
2026-06-02 17:57:34,100:INFO:load_model(model_name=best_automl_ghosting_pipeline, platform=None, authentication=None, verbose=True)
2026-06-02 17:57:34,147:WARNING:C:\Users\Surface Laptop 3\AppData\Local\Programs\Python\Python311\Lib\site-packages\pycaret\internal\pipeline.py:148: UserWarning: Version mismatch:
current: {'deps_info': {'pip': '24.0', 'setuptools': '65.5.0', 'pycaret': '3.3.2', 'IPython': '9.14.0', 'ipywidgets': '8.1.8', 'tqdm': '4.67.3', 'numpy': '1.26.4', 'pandas': '2.1.4', 'jinja2': '3.1.6', 'scipy': '1.11.4', 'joblib': '1.3.2', 'sklearn': '1.4.2', 'pyod': '3.4.0', 'imblearn': '0.14.1', 'category_encoders': '2.7.0', 'lightgbm': '4.6.0', 'numba': '0.65.1', 'requests': '2.34.2', 'matplotlib': '3.7.5', 'scikitplot': '0.3.7', 'yellowbrick': '1.5', 'plotly': '6.7.0', 'plotly-resampler': 'Not installed', 'kaleido': '1.3.0', 'schemdraw': '0.15', 'statsmodels': '0.14.6', 'sktime': '0.26.0', 'tbats': '1.1.3', 'pmdarima': '2.0.4', 'psutil': '7.2.2', 'markupsafe': '3.0.3', 'pickle5': 'Not installed', 'cloudpickle': '3.1.2', 'deprecation': '2.1.0', 'xxhash': '3.7.0', 'wurlitzer': 'Not installed'}, 'python': {'version': '3.11.9', 'machine': 'AMD64'}}
pickle: {'deps_info': {'pip': '24.1.2', 'setuptools': '75.2.0', 'pycaret': '3.3.2', 'IPython': '7.34.0', 'ipywidgets': '7.7.1', 'tqdm': '4.67.1', 'numpy': '1.26.4', 'pandas': '2.1.4', 'jinja2': '3.1.6', 'scipy': '1.11.4', 'joblib': '1.3.2', 'sklearn': '1.4.2', 'pyod': '3.4.0', 'imblearn': '0.14.1', 'category_encoders': '2.7.0', 'lightgbm': '4.5.0', 'numba': '0.60.0', 'requests': '2.32.3', 'matplotlib': '3.7.5', 'scikitplot': '0.3.7', 'yellowbrick': '1.5', 'plotly': '5.24.1', 'plotly-resampler': 'Not installed', 'kaleido': '1.3.0', 'schemdraw': '0.15', 'statsmodels': '0.14.5', 'sktime': '0.26.0', 'tbats': '1.1.3', 'pmdarima': '2.0.4', 'psutil': '5.9.5', 'markupsafe': '2.0.1', 'pickle5': 'Not installed', 'cloudpickle': '3.1.1', 'deprecation': '2.1.0', 'xxhash': '3.5.0', 'wurlitzer': '3.1.1'}, 'python': {'version': '3.11.13', 'machine': 'x86_64'}}
  warnings.warn(

2026-06-02 17:57:48,797:INFO:Initializing load_model()
2026-06-02 17:57:48,802:INFO:load_model(model_name=best_automl_ghosting_pipeline, platform=None, authentication=None, verbose=True)
2026-06-02 17:57:48,852:WARNING:C:\Users\Surface Laptop 3\AppData\Local\Programs\Python\Python311\Lib\site-packages\pycaret\internal\pipeline.py:148: UserWarning: Version mismatch:
current: {'deps_info': {'pip': '24.0', 'setuptools': '65.5.0', 'pycaret': '3.3.2', 'IPython': '9.14.0', 'ipywidgets': '8.1.8', 'tqdm': '4.67.3', 'numpy': '1.26.4', 'pandas': '2.1.4', 'jinja2': '3.1.6', 'scipy': '1.11.4', 'joblib': '1.3.2', 'sklearn': '1.4.2', 'pyod': '3.4.0', 'imblearn': '0.14.1', 'category_encoders': '2.7.0', 'lightgbm': '4.6.0', 'numba': '0.65.1', 'requests': '2.34.2', 'matplotlib': '3.7.5', 'scikitplot': '0.3.7', 'yellowbrick': '1.5', 'plotly': '6.7.0', 'plotly-resampler': 'Not installed', 'kaleido': '1.3.0', 'schemdraw': '0.15', 'statsmodels': '0.14.6', 'sktime': '0.26.0', 'tbats': '1.1.3', 'pmdarima': '2.0.4', 'psutil': '7.2.2', 'markupsafe': '3.0.3', 'pickle5': 'Not installed', 'cloudpickle': '3.1.2', 'deprecation': '2.1.0', 'xxhash': '3.7.0', 'wurlitzer': 'Not installed'}, 'python': {'version': '3.11.9', 'machine': 'AMD64'}}
pickle: {'deps_info': {'pip': '24.1.2', 'setuptools': '75.2.0', 'pycaret': '3.3.2', 'IPython': '7.34.0', 'ipywidgets': '7.7.1', 'tqdm': '4.67.1', 'numpy': '1.26.4', 'pandas': '2.1.4', 'jinja2': '3.1.6', 'scipy': '1.11.4', 'joblib': '1.3.2', 'sklearn': '1.4.2', 'pyod': '3.4.0', 'imblearn': '0.14.1', 'category_encoders': '2.7.0', 'lightgbm': '4.5.0', 'numba': '0.60.0', 'requests': '2.32.3', 'matplotlib': '3.7.5', 'scikitplot': '0.3.7', 'yellowbrick': '1.5', 'plotly': '5.24.1', 'plotly-resampler': 'Not installed', 'kaleido': '1.3.0', 'schemdraw': '0.15', 'statsmodels': '0.14.5', 'sktime': '0.26.0', 'tbats': '1.1.3', 'pmdarima': '2.0.4', 'psutil': '5.9.5', 'markupsafe': '2.0.1', 'pickle5': 'Not installed', 'cloudpickle': '3.1.1', 'deprecation': '2.1.0', 'xxhash': '3.5.0', 'wurlitzer': '3.1.1'}, 'python': {'version': '3.11.13', 'machine': 'x86_64'}}
  warnings.warn(

2026-06-02 17:57:48,922:INFO:Initializing predict_model()
2026-06-02 17:57:48,922:INFO:predict_model(self=<pycaret.classification.oop.ClassificationExperiment object at 0x0000025F89BF7F10>, estimator=Pipeline(memory=Memory(location=None),
         steps=[('numerical_imputer',
                 TransformerWrapper(include=['income_bracket',
                                             'education_level',
                                             'app_usage_time_min',
                                             'swipe_right_ratio',
                                             'likes_received', 'mutual_matches',
                                             'profile_pics_count', 'bio_length',
                                             'message_sent_count',
                                             'emoji_usage_rate',
                                             'last_active_hour'],
                                    transformer=SimpleImputer())),
                ('categorical_imputer'...
                                                                    'swipe_time_of_day'],
                                                              handle_missing='return_nan',
                                                              use_cat_names=True))),
                ('balance',
                 TransformerWrapper(transformer=FixImbalancer(estimator=SMOTE(random_state=42)))),
                ('normalize', TransformerWrapper(transformer=StandardScaler())),
                ('pca',
                 TransformerWrapper(exclude=[],
                                    transformer=PCA(n_components=10))),
                ('actual_estimator', KNeighborsClassifier(n_jobs=-1))]), probability_threshold=None, encoded_labels=False, raw_score=False, round=4, verbose=True, ml_usecase=None, preprocess=True, encode_labels=<function _SupervisedExperiment.predict_model.<locals>.encode_labels at 0x0000025FDF7F1080>)
2026-06-02 17:57:48,922:INFO:Checking exceptions
2026-06-02 17:57:48,922:INFO:Preloading libraries
2026-06-02 17:57:48,922:INFO:Set up data.
2026-06-02 17:57:48,938:INFO:Set up index.
2026-06-02 17:58:18,977:INFO:Initializing load_model()
2026-06-02 17:58:18,977:INFO:load_model(model_name=best_automl_ghosting_pipeline, platform=None, authentication=None, verbose=True)
2026-06-02 17:58:19,044:WARNING:C:\Users\Surface Laptop 3\AppData\Local\Programs\Python\Python311\Lib\site-packages\pycaret\internal\pipeline.py:148: UserWarning: Version mismatch:
current: {'deps_info': {'pip': '24.0', 'setuptools': '65.5.0', 'pycaret': '3.3.2', 'IPython': '9.14.0', 'ipywidgets': '8.1.8', 'tqdm': '4.67.3', 'numpy': '1.26.4', 'pandas': '2.1.4', 'jinja2': '3.1.6', 'scipy': '1.11.4', 'joblib': '1.3.2', 'sklearn': '1.4.2', 'pyod': '3.4.0', 'imblearn': '0.14.1', 'category_encoders': '2.7.0', 'lightgbm': '4.6.0', 'numba': '0.65.1', 'requests': '2.34.2', 'matplotlib': '3.7.5', 'scikitplot': '0.3.7', 'yellowbrick': '1.5', 'plotly': '6.7.0', 'plotly-resampler': 'Not installed', 'kaleido': '1.3.0', 'schemdraw': '0.15', 'statsmodels': '0.14.6', 'sktime': '0.26.0', 'tbats': '1.1.3', 'pmdarima': '2.0.4', 'psutil': '7.2.2', 'markupsafe': '3.0.3', 'pickle5': 'Not installed', 'cloudpickle': '3.1.2', 'deprecation': '2.1.0', 'xxhash': '3.7.0', 'wurlitzer': 'Not installed'}, 'python': {'version': '3.11.9', 'machine': 'AMD64'}}
pickle: {'deps_info': {'pip': '24.1.2', 'setuptools': '75.2.0', 'pycaret': '3.3.2', 'IPython': '7.34.0', 'ipywidgets': '7.7.1', 'tqdm': '4.67.1', 'numpy': '1.26.4', 'pandas': '2.1.4', 'jinja2': '3.1.6', 'scipy': '1.11.4', 'joblib': '1.3.2', 'sklearn': '1.4.2', 'pyod': '3.4.0', 'imblearn': '0.14.1', 'category_encoders': '2.7.0', 'lightgbm': '4.5.0', 'numba': '0.60.0', 'requests': '2.32.3', 'matplotlib': '3.7.5', 'scikitplot': '0.3.7', 'yellowbrick': '1.5', 'plotly': '5.24.1', 'plotly-resampler': 'Not installed', 'kaleido': '1.3.0', 'schemdraw': '0.15', 'statsmodels': '0.14.5', 'sktime': '0.26.0', 'tbats': '1.1.3', 'pmdarima': '2.0.4', 'psutil': '5.9.5', 'markupsafe': '2.0.1', 'pickle5': 'Not installed', 'cloudpickle': '3.1.1', 'deprecation': '2.1.0', 'xxhash': '3.5.0', 'wurlitzer': '3.1.1'}, 'python': {'version': '3.11.13', 'machine': 'x86_64'}}
  warnings.warn(

2026-06-02 17:58:21,762:INFO:Initializing load_model()
2026-06-02 17:58:21,770:INFO:load_model(model_name=best_automl_ghosting_pipeline, platform=None, authentication=None, verbose=True)
2026-06-02 17:58:21,830:WARNING:C:\Users\Surface Laptop 3\AppData\Local\Programs\Python\Python311\Lib\site-packages\pycaret\internal\pipeline.py:148: UserWarning: Version mismatch:
current: {'deps_info': {'pip': '24.0', 'setuptools': '65.5.0', 'pycaret': '3.3.2', 'IPython': '9.14.0', 'ipywidgets': '8.1.8', 'tqdm': '4.67.3', 'numpy': '1.26.4', 'pandas': '2.1.4', 'jinja2': '3.1.6', 'scipy': '1.11.4', 'joblib': '1.3.2', 'sklearn': '1.4.2', 'pyod': '3.4.0', 'imblearn': '0.14.1', 'category_encoders': '2.7.0', 'lightgbm': '4.6.0', 'numba': '0.65.1', 'requests': '2.34.2', 'matplotlib': '3.7.5', 'scikitplot': '0.3.7', 'yellowbrick': '1.5', 'plotly': '6.7.0', 'plotly-resampler': 'Not installed', 'kaleido': '1.3.0', 'schemdraw': '0.15', 'statsmodels': '0.14.6', 'sktime': '0.26.0', 'tbats': '1.1.3', 'pmdarima': '2.0.4', 'psutil': '7.2.2', 'markupsafe': '3.0.3', 'pickle5': 'Not installed', 'cloudpickle': '3.1.2', 'deprecation': '2.1.0', 'xxhash': '3.7.0', 'wurlitzer': 'Not installed'}, 'python': {'version': '3.11.9', 'machine': 'AMD64'}}
pickle: {'deps_info': {'pip': '24.1.2', 'setuptools': '75.2.0', 'pycaret': '3.3.2', 'IPython': '7.34.0', 'ipywidgets': '7.7.1', 'tqdm': '4.67.1', 'numpy': '1.26.4', 'pandas': '2.1.4', 'jinja2': '3.1.6', 'scipy': '1.11.4', 'joblib': '1.3.2', 'sklearn': '1.4.2', 'pyod': '3.4.0', 'imblearn': '0.14.1', 'category_encoders': '2.7.0', 'lightgbm': '4.5.0', 'numba': '0.60.0', 'requests': '2.32.3', 'matplotlib': '3.7.5', 'scikitplot': '0.3.7', 'yellowbrick': '1.5', 'plotly': '5.24.1', 'plotly-resampler': 'Not installed', 'kaleido': '1.3.0', 'schemdraw': '0.15', 'statsmodels': '0.14.5', 'sktime': '0.26.0', 'tbats': '1.1.3', 'pmdarima': '2.0.4', 'psutil': '5.9.5', 'markupsafe': '2.0.1', 'pickle5': 'Not installed', 'cloudpickle': '3.1.1', 'deprecation': '2.1.0', 'xxhash': '3.5.0', 'wurlitzer': '3.1.1'}, 'python': {'version': '3.11.13', 'machine': 'x86_64'}}
  warnings.warn(

2026-06-02 17:58:24,008:INFO:Initializing load_model()
2026-06-02 17:58:24,008:INFO:load_model(model_name=best_automl_ghosting_pipeline, platform=None, authentication=None, verbose=True)
2026-06-02 17:58:24,057:WARNING:C:\Users\Surface Laptop 3\AppData\Local\Programs\Python\Python311\Lib\site-packages\pycaret\internal\pipeline.py:148: UserWarning: Version mismatch:
current: {'deps_info': {'pip': '24.0', 'setuptools': '65.5.0', 'pycaret': '3.3.2', 'IPython': '9.14.0', 'ipywidgets': '8.1.8', 'tqdm': '4.67.3', 'numpy': '1.26.4', 'pandas': '2.1.4', 'jinja2': '3.1.6', 'scipy': '1.11.4', 'joblib': '1.3.2', 'sklearn': '1.4.2', 'pyod': '3.4.0', 'imblearn': '0.14.1', 'category_encoders': '2.7.0', 'lightgbm': '4.6.0', 'numba': '0.65.1', 'requests': '2.34.2', 'matplotlib': '3.7.5', 'scikitplot': '0.3.7', 'yellowbrick': '1.5', 'plotly': '6.7.0', 'plotly-resampler': 'Not installed', 'kaleido': '1.3.0', 'schemdraw': '0.15', 'statsmodels': '0.14.6', 'sktime': '0.26.0', 'tbats': '1.1.3', 'pmdarima': '2.0.4', 'psutil': '7.2.2', 'markupsafe': '3.0.3', 'pickle5': 'Not installed', 'cloudpickle': '3.1.2', 'deprecation': '2.1.0', 'xxhash': '3.7.0', 'wurlitzer': 'Not installed'}, 'python': {'version': '3.11.9', 'machine': 'AMD64'}}
pickle: {'deps_info': {'pip': '24.1.2', 'setuptools': '75.2.0', 'pycaret': '3.3.2', 'IPython': '7.34.0', 'ipywidgets': '7.7.1', 'tqdm': '4.67.1', 'numpy': '1.26.4', 'pandas': '2.1.4', 'jinja2': '3.1.6', 'scipy': '1.11.4', 'joblib': '1.3.2', 'sklearn': '1.4.2', 'pyod': '3.4.0', 'imblearn': '0.14.1', 'category_encoders': '2.7.0', 'lightgbm': '4.5.0', 'numba': '0.60.0', 'requests': '2.32.3', 'matplotlib': '3.7.5', 'scikitplot': '0.3.7', 'yellowbrick': '1.5', 'plotly': '5.24.1', 'plotly-resampler': 'Not installed', 'kaleido': '1.3.0', 'schemdraw': '0.15', 'statsmodels': '0.14.5', 'sktime': '0.26.0', 'tbats': '1.1.3', 'pmdarima': '2.0.4', 'psutil': '5.9.5', 'markupsafe': '2.0.1', 'pickle5': 'Not installed', 'cloudpickle': '3.1.1', 'deprecation': '2.1.0', 'xxhash': '3.5.0', 'wurlitzer': '3.1.1'}, 'python': {'version': '3.11.13', 'machine': 'x86_64'}}
  warnings.warn(

2026-06-02 17:58:24,305:INFO:Initializing load_model()
2026-06-02 17:58:24,305:INFO:load_model(model_name=best_automl_ghosting_pipeline, platform=None, authentication=None, verbose=True)
2026-06-02 17:58:24,356:WARNING:C:\Users\Surface Laptop 3\AppData\Local\Programs\Python\Python311\Lib\site-packages\pycaret\internal\pipeline.py:148: UserWarning: Version mismatch:
current: {'deps_info': {'pip': '24.0', 'setuptools': '65.5.0', 'pycaret': '3.3.2', 'IPython': '9.14.0', 'ipywidgets': '8.1.8', 'tqdm': '4.67.3', 'numpy': '1.26.4', 'pandas': '2.1.4', 'jinja2': '3.1.6', 'scipy': '1.11.4', 'joblib': '1.3.2', 'sklearn': '1.4.2', 'pyod': '3.4.0', 'imblearn': '0.14.1', 'category_encoders': '2.7.0', 'lightgbm': '4.6.0', 'numba': '0.65.1', 'requests': '2.34.2', 'matplotlib': '3.7.5', 'scikitplot': '0.3.7', 'yellowbrick': '1.5', 'plotly': '6.7.0', 'plotly-resampler': 'Not installed', 'kaleido': '1.3.0', 'schemdraw': '0.15', 'statsmodels': '0.14.6', 'sktime': '0.26.0', 'tbats': '1.1.3', 'pmdarima': '2.0.4', 'psutil': '7.2.2', 'markupsafe': '3.0.3', 'pickle5': 'Not installed', 'cloudpickle': '3.1.2', 'deprecation': '2.1.0', 'xxhash': '3.7.0', 'wurlitzer': 'Not installed'}, 'python': {'version': '3.11.9', 'machine': 'AMD64'}}
pickle: {'deps_info': {'pip': '24.1.2', 'setuptools': '75.2.0', 'pycaret': '3.3.2', 'IPython': '7.34.0', 'ipywidgets': '7.7.1', 'tqdm': '4.67.1', 'numpy': '1.26.4', 'pandas': '2.1.4', 'jinja2': '3.1.6', 'scipy': '1.11.4', 'joblib': '1.3.2', 'sklearn': '1.4.2', 'pyod': '3.4.0', 'imblearn': '0.14.1', 'category_encoders': '2.7.0', 'lightgbm': '4.5.0', 'numba': '0.60.0', 'requests': '2.32.3', 'matplotlib': '3.7.5', 'scikitplot': '0.3.7', 'yellowbrick': '1.5', 'plotly': '5.24.1', 'plotly-resampler': 'Not installed', 'kaleido': '1.3.0', 'schemdraw': '0.15', 'statsmodels': '0.14.5', 'sktime': '0.26.0', 'tbats': '1.1.3', 'pmdarima': '2.0.4', 'psutil': '5.9.5', 'markupsafe': '2.0.1', 'pickle5': 'Not installed', 'cloudpickle': '3.1.1', 'deprecation': '2.1.0', 'xxhash': '3.5.0', 'wurlitzer': '3.1.1'}, 'python': {'version': '3.11.13', 'machine': 'x86_64'}}
  warnings.warn(

2026-06-02 17:58:24,609:INFO:Initializing load_model()
2026-06-02 17:58:24,613:INFO:load_model(model_name=best_automl_ghosting_pipeline, platform=None, authentication=None, verbose=True)
2026-06-02 17:58:24,678:WARNING:C:\Users\Surface Laptop 3\AppData\Local\Programs\Python\Python311\Lib\site-packages\pycaret\internal\pipeline.py:148: UserWarning: Version mismatch:
current: {'deps_info': {'pip': '24.0', 'setuptools': '65.5.0', 'pycaret': '3.3.2', 'IPython': '9.14.0', 'ipywidgets': '8.1.8', 'tqdm': '4.67.3', 'numpy': '1.26.4', 'pandas': '2.1.4', 'jinja2': '3.1.6', 'scipy': '1.11.4', 'joblib': '1.3.2', 'sklearn': '1.4.2', 'pyod': '3.4.0', 'imblearn': '0.14.1', 'category_encoders': '2.7.0', 'lightgbm': '4.6.0', 'numba': '0.65.1', 'requests': '2.34.2', 'matplotlib': '3.7.5', 'scikitplot': '0.3.7', 'yellowbrick': '1.5', 'plotly': '6.7.0', 'plotly-resampler': 'Not installed', 'kaleido': '1.3.0', 'schemdraw': '0.15', 'statsmodels': '0.14.6', 'sktime': '0.26.0', 'tbats': '1.1.3', 'pmdarima': '2.0.4', 'psutil': '7.2.2', 'markupsafe': '3.0.3', 'pickle5': 'Not installed', 'cloudpickle': '3.1.2', 'deprecation': '2.1.0', 'xxhash': '3.7.0', 'wurlitzer': 'Not installed'}, 'python': {'version': '3.11.9', 'machine': 'AMD64'}}
pickle: {'deps_info': {'pip': '24.1.2', 'setuptools': '75.2.0', 'pycaret': '3.3.2', 'IPython': '7.34.0', 'ipywidgets': '7.7.1', 'tqdm': '4.67.1', 'numpy': '1.26.4', 'pandas': '2.1.4', 'jinja2': '3.1.6', 'scipy': '1.11.4', 'joblib': '1.3.2', 'sklearn': '1.4.2', 'pyod': '3.4.0', 'imblearn': '0.14.1', 'category_encoders': '2.7.0', 'lightgbm': '4.5.0', 'numba': '0.60.0', 'requests': '2.32.3', 'matplotlib': '3.7.5', 'scikitplot': '0.3.7', 'yellowbrick': '1.5', 'plotly': '5.24.1', 'plotly-resampler': 'Not installed', 'kaleido': '1.3.0', 'schemdraw': '0.15', 'statsmodels': '0.14.5', 'sktime': '0.26.0', 'tbats': '1.1.3', 'pmdarima': '2.0.4', 'psutil': '5.9.5', 'markupsafe': '2.0.1', 'pickle5': 'Not installed', 'cloudpickle': '3.1.1', 'deprecation': '2.1.0', 'xxhash': '3.5.0', 'wurlitzer': '3.1.1'}, 'python': {'version': '3.11.13', 'machine': 'x86_64'}}
  warnings.warn(

2026-06-02 17:58:24,874:INFO:Initializing load_model()
2026-06-02 17:58:24,874:INFO:load_model(model_name=best_automl_ghosting_pipeline, platform=None, authentication=None, verbose=True)
2026-06-02 17:58:24,902:INFO:Initializing load_model()
2026-06-02 17:58:24,902:INFO:load_model(model_name=best_automl_ghosting_pipeline, platform=None, authentication=None, verbose=True)
2026-06-02 17:58:24,959:INFO:Initializing load_model()
2026-06-02 17:58:24,959:INFO:load_model(model_name=best_automl_ghosting_pipeline, platform=None, authentication=None, verbose=True)
2026-06-02 17:58:24,970:WARNING:C:\Users\Surface Laptop 3\AppData\Local\Programs\Python\Python311\Lib\site-packages\pycaret\internal\pipeline.py:148: UserWarning: Version mismatch:
current: {'deps_info': {'pip': '24.0', 'setuptools': '65.5.0', 'pycaret': '3.3.2', 'IPython': '9.14.0', 'ipywidgets': '8.1.8', 'tqdm': '4.67.3', 'numpy': '1.26.4', 'pandas': '2.1.4', 'jinja2': '3.1.6', 'scipy': '1.11.4', 'joblib': '1.3.2', 'sklearn': '1.4.2', 'pyod': '3.4.0', 'imblearn': '0.14.1', 'category_encoders': '2.7.0', 'lightgbm': '4.6.0', 'numba': '0.65.1', 'requests': '2.34.2', 'matplotlib': '3.7.5', 'scikitplot': '0.3.7', 'yellowbrick': '1.5', 'plotly': '6.7.0', 'plotly-resampler': 'Not installed', 'kaleido': '1.3.0', 'schemdraw': '0.15', 'statsmodels': '0.14.6', 'sktime': '0.26.0', 'tbats': '1.1.3', 'pmdarima': '2.0.4', 'psutil': '7.2.2', 'markupsafe': '3.0.3', 'pickle5': 'Not installed', 'cloudpickle': '3.1.2', 'deprecation': '2.1.0', 'xxhash': '3.7.0', 'wurlitzer': 'Not installed'}, 'python': {'version': '3.11.9', 'machine': 'AMD64'}}
pickle: {'deps_info': {'pip': '24.1.2', 'setuptools': '75.2.0', 'pycaret': '3.3.2', 'IPython': '7.34.0', 'ipywidgets': '7.7.1', 'tqdm': '4.67.1', 'numpy': '1.26.4', 'pandas': '2.1.4', 'jinja2': '3.1.6', 'scipy': '1.11.4', 'joblib': '1.3.2', 'sklearn': '1.4.2', 'pyod': '3.4.0', 'imblearn': '0.14.1', 'category_encoders': '2.7.0', 'lightgbm': '4.5.0', 'numba': '0.60.0', 'requests': '2.32.3', 'matplotlib': '3.7.5', 'scikitplot': '0.3.7', 'yellowbrick': '1.5', 'plotly': '5.24.1', 'plotly-resampler': 'Not installed', 'kaleido': '1.3.0', 'schemdraw': '0.15', 'statsmodels': '0.14.5', 'sktime': '0.26.0', 'tbats': '1.1.3', 'pmdarima': '2.0.4', 'psutil': '5.9.5', 'markupsafe': '2.0.1', 'pickle5': 'Not installed', 'cloudpickle': '3.1.1', 'deprecation': '2.1.0', 'xxhash': '3.5.0', 'wurlitzer': '3.1.1'}, 'python': {'version': '3.11.13', 'machine': 'x86_64'}}
  warnings.warn(

2026-06-02 17:58:24,976:WARNING:C:\Users\Surface Laptop 3\AppData\Local\Programs\Python\Python311\Lib\site-packages\pycaret\internal\pipeline.py:148: UserWarning: Version mismatch:
current: {'deps_info': {'pip': '24.0', 'setuptools': '65.5.0', 'pycaret': '3.3.2', 'IPython': '9.14.0', 'ipywidgets': '8.1.8', 'tqdm': '4.67.3', 'numpy': '1.26.4', 'pandas': '2.1.4', 'jinja2': '3.1.6', 'scipy': '1.11.4', 'joblib': '1.3.2', 'sklearn': '1.4.2', 'pyod': '3.4.0', 'imblearn': '0.14.1', 'category_encoders': '2.7.0', 'lightgbm': '4.6.0', 'numba': '0.65.1', 'requests': '2.34.2', 'matplotlib': '3.7.5', 'scikitplot': '0.3.7', 'yellowbrick': '1.5', 'plotly': '6.7.0', 'plotly-resampler': 'Not installed', 'kaleido': '1.3.0', 'schemdraw': '0.15', 'statsmodels': '0.14.6', 'sktime': '0.26.0', 'tbats': '1.1.3', 'pmdarima': '2.0.4', 'psutil': '7.2.2', 'markupsafe': '3.0.3', 'pickle5': 'Not installed', 'cloudpickle': '3.1.2', 'deprecation': '2.1.0', 'xxhash': '3.7.0', 'wurlitzer': 'Not installed'}, 'python': {'version': '3.11.9', 'machine': 'AMD64'}}
pickle: {'deps_info': {'pip': '24.1.2', 'setuptools': '75.2.0', 'pycaret': '3.3.2', 'IPython': '7.34.0', 'ipywidgets': '7.7.1', 'tqdm': '4.67.1', 'numpy': '1.26.4', 'pandas': '2.1.4', 'jinja2': '3.1.6', 'scipy': '1.11.4', 'joblib': '1.3.2', 'sklearn': '1.4.2', 'pyod': '3.4.0', 'imblearn': '0.14.1', 'category_encoders': '2.7.0', 'lightgbm': '4.5.0', 'numba': '0.60.0', 'requests': '2.32.3', 'matplotlib': '3.7.5', 'scikitplot': '0.3.7', 'yellowbrick': '1.5', 'plotly': '5.24.1', 'plotly-resampler': 'Not installed', 'kaleido': '1.3.0', 'schemdraw': '0.15', 'statsmodels': '0.14.5', 'sktime': '0.26.0', 'tbats': '1.1.3', 'pmdarima': '2.0.4', 'psutil': '5.9.5', 'markupsafe': '2.0.1', 'pickle5': 'Not installed', 'cloudpickle': '3.1.1', 'deprecation': '2.1.0', 'xxhash': '3.5.0', 'wurlitzer': '3.1.1'}, 'python': {'version': '3.11.13', 'machine': 'x86_64'}}
  warnings.warn(

2026-06-02 17:58:25,390:INFO:Initializing load_model()
2026-06-02 17:58:25,390:INFO:load_model(model_name=best_automl_ghosting_pipeline, platform=None, authentication=None, verbose=True)
2026-06-02 17:58:25,425:INFO:Initializing load_model()
2026-06-02 17:58:25,427:INFO:load_model(model_name=best_automl_ghosting_pipeline, platform=None, authentication=None, verbose=True)
2026-06-02 17:58:25,461:INFO:Initializing load_model()
2026-06-02 17:58:25,461:INFO:load_model(model_name=best_automl_ghosting_pipeline, platform=None, authentication=None, verbose=True)
2026-06-02 17:58:25,535:WARNING:C:\Users\Surface Laptop 3\AppData\Local\Programs\Python\Python311\Lib\site-packages\pycaret\internal\pipeline.py:148: UserWarning: Version mismatch:
current: {'deps_info': {'pip': '24.0', 'setuptools': '65.5.0', 'pycaret': '3.3.2', 'IPython': '9.14.0', 'ipywidgets': '8.1.8', 'tqdm': '4.67.3', 'numpy': '1.26.4', 'pandas': '2.1.4', 'jinja2': '3.1.6', 'scipy': '1.11.4', 'joblib': '1.3.2', 'sklearn': '1.4.2', 'pyod': '3.4.0', 'imblearn': '0.14.1', 'category_encoders': '2.7.0', 'lightgbm': '4.6.0', 'numba': '0.65.1', 'requests': '2.34.2', 'matplotlib': '3.7.5', 'scikitplot': '0.3.7', 'yellowbrick': '1.5', 'plotly': '6.7.0', 'plotly-resampler': 'Not installed', 'kaleido': '1.3.0', 'schemdraw': '0.15', 'statsmodels': '0.14.6', 'sktime': '0.26.0', 'tbats': '1.1.3', 'pmdarima': '2.0.4', 'psutil': '7.2.2', 'markupsafe': '3.0.3', 'pickle5': 'Not installed', 'cloudpickle': '3.1.2', 'deprecation': '2.1.0', 'xxhash': '3.7.0', 'wurlitzer': 'Not installed'}, 'python': {'version': '3.11.9', 'machine': 'AMD64'}}
pickle: {'deps_info': {'pip': '24.1.2', 'setuptools': '75.2.0', 'pycaret': '3.3.2', 'IPython': '7.34.0', 'ipywidgets': '7.7.1', 'tqdm': '4.67.1', 'numpy': '1.26.4', 'pandas': '2.1.4', 'jinja2': '3.1.6', 'scipy': '1.11.4', 'joblib': '1.3.2', 'sklearn': '1.4.2', 'pyod': '3.4.0', 'imblearn': '0.14.1', 'category_encoders': '2.7.0', 'lightgbm': '4.5.0', 'numba': '0.60.0', 'requests': '2.32.3', 'matplotlib': '3.7.5', 'scikitplot': '0.3.7', 'yellowbrick': '1.5', 'plotly': '5.24.1', 'plotly-resampler': 'Not installed', 'kaleido': '1.3.0', 'schemdraw': '0.15', 'statsmodels': '0.14.5', 'sktime': '0.26.0', 'tbats': '1.1.3', 'pmdarima': '2.0.4', 'psutil': '5.9.5', 'markupsafe': '2.0.1', 'pickle5': 'Not installed', 'cloudpickle': '3.1.1', 'deprecation': '2.1.0', 'xxhash': '3.5.0', 'wurlitzer': '3.1.1'}, 'python': {'version': '3.11.13', 'machine': 'x86_64'}}
  warnings.warn(

2026-06-02 17:58:25,961:INFO:Initializing load_model()
2026-06-02 17:58:25,961:INFO:load_model(model_name=best_automl_ghosting_pipeline, platform=None, authentication=None, verbose=True)
2026-06-02 17:58:25,990:INFO:Initializing load_model()
2026-06-02 17:58:25,990:INFO:load_model(model_name=best_automl_ghosting_pipeline, platform=None, authentication=None, verbose=True)
2026-06-02 17:58:26,222:INFO:Initializing load_model()
2026-06-02 17:58:26,222:INFO:load_model(model_name=best_automl_ghosting_pipeline, platform=None, authentication=None, verbose=True)
2026-06-02 17:58:26,230:WARNING:C:\Users\Surface Laptop 3\AppData\Local\Programs\Python\Python311\Lib\site-packages\pycaret\internal\pipeline.py:148: UserWarning: Version mismatch:
current: {'deps_info': {'pip': '24.0', 'setuptools': '65.5.0', 'pycaret': '3.3.2', 'IPython': '9.14.0', 'ipywidgets': '8.1.8', 'tqdm': '4.67.3', 'numpy': '1.26.4', 'pandas': '2.1.4', 'jinja2': '3.1.6', 'scipy': '1.11.4', 'joblib': '1.3.2', 'sklearn': '1.4.2', 'pyod': '3.4.0', 'imblearn': '0.14.1', 'category_encoders': '2.7.0', 'lightgbm': '4.6.0', 'numba': '0.65.1', 'requests': '2.34.2', 'matplotlib': '3.7.5', 'scikitplot': '0.3.7', 'yellowbrick': '1.5', 'plotly': '6.7.0', 'plotly-resampler': 'Not installed', 'kaleido': '1.3.0', 'schemdraw': '0.15', 'statsmodels': '0.14.6', 'sktime': '0.26.0', 'tbats': '1.1.3', 'pmdarima': '2.0.4', 'psutil': '7.2.2', 'markupsafe': '3.0.3', 'pickle5': 'Not installed', 'cloudpickle': '3.1.2', 'deprecation': '2.1.0', 'xxhash': '3.7.0', 'wurlitzer': 'Not installed'}, 'python': {'version': '3.11.9', 'machine': 'AMD64'}}
pickle: {'deps_info': {'pip': '24.1.2', 'setuptools': '75.2.0', 'pycaret': '3.3.2', 'IPython': '7.34.0', 'ipywidgets': '7.7.1', 'tqdm': '4.67.1', 'numpy': '1.26.4', 'pandas': '2.1.4', 'jinja2': '3.1.6', 'scipy': '1.11.4', 'joblib': '1.3.2', 'sklearn': '1.4.2', 'pyod': '3.4.0', 'imblearn': '0.14.1', 'category_encoders': '2.7.0', 'lightgbm': '4.5.0', 'numba': '0.60.0', 'requests': '2.32.3', 'matplotlib': '3.7.5', 'scikitplot': '0.3.7', 'yellowbrick': '1.5', 'plotly': '5.24.1', 'plotly-resampler': 'Not installed', 'kaleido': '1.3.0', 'schemdraw': '0.15', 'statsmodels': '0.14.5', 'sktime': '0.26.0', 'tbats': '1.1.3', 'pmdarima': '2.0.4', 'psutil': '5.9.5', 'markupsafe': '2.0.1', 'pickle5': 'Not installed', 'cloudpickle': '3.1.1', 'deprecation': '2.1.0', 'xxhash': '3.5.0', 'wurlitzer': '3.1.1'}, 'python': {'version': '3.11.13', 'machine': 'x86_64'}}
  warnings.warn(

2026-06-02 17:58:26,251:INFO:Initializing load_model()
2026-06-02 17:58:26,253:INFO:load_model(model_name=best_automl_ghosting_pipeline, platform=None, authentication=None, verbose=True)
2026-06-02 17:58:26,270:INFO:Initializing load_model()
2026-06-02 17:58:26,270:INFO:load_model(model_name=best_automl_ghosting_pipeline, platform=None, authentication=None, verbose=True)
2026-06-02 17:58:26,555:WARNING:C:\Users\Surface Laptop 3\AppData\Local\Programs\Python\Python311\Lib\site-packages\pycaret\internal\pipeline.py:148: UserWarning: Version mismatch:
current: {'deps_info': {'pip': '24.0', 'setuptools': '65.5.0', 'pycaret': '3.3.2', 'IPython': '9.14.0', 'ipywidgets': '8.1.8', 'tqdm': '4.67.3', 'numpy': '1.26.4', 'pandas': '2.1.4', 'jinja2': '3.1.6', 'scipy': '1.11.4', 'joblib': '1.3.2', 'sklearn': '1.4.2', 'pyod': '3.4.0', 'imblearn': '0.14.1', 'category_encoders': '2.7.0', 'lightgbm': '4.6.0', 'numba': '0.65.1', 'requests': '2.34.2', 'matplotlib': '3.7.5', 'scikitplot': '0.3.7', 'yellowbrick': '1.5', 'plotly': '6.7.0', 'plotly-resampler': 'Not installed', 'kaleido': '1.3.0', 'schemdraw': '0.15', 'statsmodels': '0.14.6', 'sktime': '0.26.0', 'tbats': '1.1.3', 'pmdarima': '2.0.4', 'psutil': '7.2.2', 'markupsafe': '3.0.3', 'pickle5': 'Not installed', 'cloudpickle': '3.1.2', 'deprecation': '2.1.0', 'xxhash': '3.7.0', 'wurlitzer': 'Not installed'}, 'python': {'version': '3.11.9', 'machine': 'AMD64'}}
pickle: {'deps_info': {'pip': '24.1.2', 'setuptools': '75.2.0', 'pycaret': '3.3.2', 'IPython': '7.34.0', 'ipywidgets': '7.7.1', 'tqdm': '4.67.1', 'numpy': '1.26.4', 'pandas': '2.1.4', 'jinja2': '3.1.6', 'scipy': '1.11.4', 'joblib': '1.3.2', 'sklearn': '1.4.2', 'pyod': '3.4.0', 'imblearn': '0.14.1', 'category_encoders': '2.7.0', 'lightgbm': '4.5.0', 'numba': '0.60.0', 'requests': '2.32.3', 'matplotlib': '3.7.5', 'scikitplot': '0.3.7', 'yellowbrick': '1.5', 'plotly': '5.24.1', 'plotly-resampler': 'Not installed', 'kaleido': '1.3.0', 'schemdraw': '0.15', 'statsmodels': '0.14.5', 'sktime': '0.26.0', 'tbats': '1.1.3', 'pmdarima': '2.0.4', 'psutil': '5.9.5', 'markupsafe': '2.0.1', 'pickle5': 'Not installed', 'cloudpickle': '3.1.1', 'deprecation': '2.1.0', 'xxhash': '3.5.0', 'wurlitzer': '3.1.1'}, 'python': {'version': '3.11.13', 'machine': 'x86_64'}}
  warnings.warn(

2026-06-02 17:58:28,694:INFO:Initializing load_model()
2026-06-02 17:58:28,694:INFO:load_model(model_name=best_automl_ghosting_pipeline, platform=None, authentication=None, verbose=True)
2026-06-02 17:58:28,764:WARNING:C:\Users\Surface Laptop 3\AppData\Local\Programs\Python\Python311\Lib\site-packages\pycaret\internal\pipeline.py:148: UserWarning: Version mismatch:
current: {'deps_info': {'pip': '24.0', 'setuptools': '65.5.0', 'pycaret': '3.3.2', 'IPython': '9.14.0', 'ipywidgets': '8.1.8', 'tqdm': '4.67.3', 'numpy': '1.26.4', 'pandas': '2.1.4', 'jinja2': '3.1.6', 'scipy': '1.11.4', 'joblib': '1.3.2', 'sklearn': '1.4.2', 'pyod': '3.4.0', 'imblearn': '0.14.1', 'category_encoders': '2.7.0', 'lightgbm': '4.6.0', 'numba': '0.65.1', 'requests': '2.34.2', 'matplotlib': '3.7.5', 'scikitplot': '0.3.7', 'yellowbrick': '1.5', 'plotly': '6.7.0', 'plotly-resampler': 'Not installed', 'kaleido': '1.3.0', 'schemdraw': '0.15', 'statsmodels': '0.14.6', 'sktime': '0.26.0', 'tbats': '1.1.3', 'pmdarima': '2.0.4', 'psutil': '7.2.2', 'markupsafe': '3.0.3', 'pickle5': 'Not installed', 'cloudpickle': '3.1.2', 'deprecation': '2.1.0', 'xxhash': '3.7.0', 'wurlitzer': 'Not installed'}, 'python': {'version': '3.11.9', 'machine': 'AMD64'}}
pickle: {'deps_info': {'pip': '24.1.2', 'setuptools': '75.2.0', 'pycaret': '3.3.2', 'IPython': '7.34.0', 'ipywidgets': '7.7.1', 'tqdm': '4.67.1', 'numpy': '1.26.4', 'pandas': '2.1.4', 'jinja2': '3.1.6', 'scipy': '1.11.4', 'joblib': '1.3.2', 'sklearn': '1.4.2', 'pyod': '3.4.0', 'imblearn': '0.14.1', 'category_encoders': '2.7.0', 'lightgbm': '4.5.0', 'numba': '0.60.0', 'requests': '2.32.3', 'matplotlib': '3.7.5', 'scikitplot': '0.3.7', 'yellowbrick': '1.5', 'plotly': '5.24.1', 'plotly-resampler': 'Not installed', 'kaleido': '1.3.0', 'schemdraw': '0.15', 'statsmodels': '0.14.5', 'sktime': '0.26.0', 'tbats': '1.1.3', 'pmdarima': '2.0.4', 'psutil': '5.9.5', 'markupsafe': '2.0.1', 'pickle5': 'Not installed', 'cloudpickle': '3.1.1', 'deprecation': '2.1.0', 'xxhash': '3.5.0', 'wurlitzer': '3.1.1'}, 'python': {'version': '3.11.13', 'machine': 'x86_64'}}
  warnings.warn(

2026-06-02 17:58:28,982:INFO:Initializing load_model()
2026-06-02 17:58:28,991:INFO:load_model(model_name=best_automl_ghosting_pipeline, platform=None, authentication=None, verbose=True)
2026-06-02 17:58:29,006:INFO:Initializing load_model()
2026-06-02 17:58:29,007:INFO:load_model(model_name=best_automl_ghosting_pipeline, platform=None, authentication=None, verbose=True)
2026-06-02 17:58:29,082:INFO:Initializing load_model()
2026-06-02 17:58:29,083:INFO:load_model(model_name=best_automl_ghosting_pipeline, platform=None, authentication=None, verbose=True)
2026-06-02 17:58:29,092:WARNING:C:\Users\Surface Laptop 3\AppData\Local\Programs\Python\Python311\Lib\site-packages\pycaret\internal\pipeline.py:148: UserWarning: Version mismatch:
current: {'deps_info': {'pip': '24.0', 'setuptools': '65.5.0', 'pycaret': '3.3.2', 'IPython': '9.14.0', 'ipywidgets': '8.1.8', 'tqdm': '4.67.3', 'numpy': '1.26.4', 'pandas': '2.1.4', 'jinja2': '3.1.6', 'scipy': '1.11.4', 'joblib': '1.3.2', 'sklearn': '1.4.2', 'pyod': '3.4.0', 'imblearn': '0.14.1', 'category_encoders': '2.7.0', 'lightgbm': '4.6.0', 'numba': '0.65.1', 'requests': '2.34.2', 'matplotlib': '3.7.5', 'scikitplot': '0.3.7', 'yellowbrick': '1.5', 'plotly': '6.7.0', 'plotly-resampler': 'Not installed', 'kaleido': '1.3.0', 'schemdraw': '0.15', 'statsmodels': '0.14.6', 'sktime': '0.26.0', 'tbats': '1.1.3', 'pmdarima': '2.0.4', 'psutil': '7.2.2', 'markupsafe': '3.0.3', 'pickle5': 'Not installed', 'cloudpickle': '3.1.2', 'deprecation': '2.1.0', 'xxhash': '3.7.0', 'wurlitzer': 'Not installed'}, 'python': {'version': '3.11.9', 'machine': 'AMD64'}}
pickle: {'deps_info': {'pip': '24.1.2', 'setuptools': '75.2.0', 'pycaret': '3.3.2', 'IPython': '7.34.0', 'ipywidgets': '7.7.1', 'tqdm': '4.67.1', 'numpy': '1.26.4', 'pandas': '2.1.4', 'jinja2': '3.1.6', 'scipy': '1.11.4', 'joblib': '1.3.2', 'sklearn': '1.4.2', 'pyod': '3.4.0', 'imblearn': '0.14.1', 'category_encoders': '2.7.0', 'lightgbm': '4.5.0', 'numba': '0.60.0', 'requests': '2.32.3', 'matplotlib': '3.7.5', 'scikitplot': '0.3.7', 'yellowbrick': '1.5', 'plotly': '5.24.1', 'plotly-resampler': 'Not installed', 'kaleido': '1.3.0', 'schemdraw': '0.15', 'statsmodels': '0.14.5', 'sktime': '0.26.0', 'tbats': '1.1.3', 'pmdarima': '2.0.4', 'psutil': '5.9.5', 'markupsafe': '2.0.1', 'pickle5': 'Not installed', 'cloudpickle': '3.1.1', 'deprecation': '2.1.0', 'xxhash': '3.5.0', 'wurlitzer': '3.1.1'}, 'python': {'version': '3.11.13', 'machine': 'x86_64'}}
  warnings.warn(

2026-06-02 17:58:29,306:WARNING:C:\Users\Surface Laptop 3\AppData\Local\Programs\Python\Python311\Lib\site-packages\pycaret\internal\pipeline.py:148: UserWarning: Version mismatch:
current: {'deps_info': {'pip': '24.0', 'setuptools': '65.5.0', 'pycaret': '3.3.2', 'IPython': '9.14.0', 'ipywidgets': '8.1.8', 'tqdm': '4.67.3', 'numpy': '1.26.4', 'pandas': '2.1.4', 'jinja2': '3.1.6', 'scipy': '1.11.4', 'joblib': '1.3.2', 'sklearn': '1.4.2', 'pyod': '3.4.0', 'imblearn': '0.14.1', 'category_encoders': '2.7.0', 'lightgbm': '4.6.0', 'numba': '0.65.1', 'requests': '2.34.2', 'matplotlib': '3.7.5', 'scikitplot': '0.3.7', 'yellowbrick': '1.5', 'plotly': '6.7.0', 'plotly-resampler': 'Not installed', 'kaleido': '1.3.0', 'schemdraw': '0.15', 'statsmodels': '0.14.6', 'sktime': '0.26.0', 'tbats': '1.1.3', 'pmdarima': '2.0.4', 'psutil': '7.2.2', 'markupsafe': '3.0.3', 'pickle5': 'Not installed', 'cloudpickle': '3.1.2', 'deprecation': '2.1.0', 'xxhash': '3.7.0', 'wurlitzer': 'Not installed'}, 'python': {'version': '3.11.9', 'machine': 'AMD64'}}
pickle: {'deps_info': {'pip': '24.1.2', 'setuptools': '75.2.0', 'pycaret': '3.3.2', 'IPython': '7.34.0', 'ipywidgets': '7.7.1', 'tqdm': '4.67.1', 'numpy': '1.26.4', 'pandas': '2.1.4', 'jinja2': '3.1.6', 'scipy': '1.11.4', 'joblib': '1.3.2', 'sklearn': '1.4.2', 'pyod': '3.4.0', 'imblearn': '0.14.1', 'category_encoders': '2.7.0', 'lightgbm': '4.5.0', 'numba': '0.60.0', 'requests': '2.32.3', 'matplotlib': '3.7.5', 'scikitplot': '0.3.7', 'yellowbrick': '1.5', 'plotly': '5.24.1', 'plotly-resampler': 'Not installed', 'kaleido': '1.3.0', 'schemdraw': '0.15', 'statsmodels': '0.14.5', 'sktime': '0.26.0', 'tbats': '1.1.3', 'pmdarima': '2.0.4', 'psutil': '5.9.5', 'markupsafe': '2.0.1', 'pickle5': 'Not installed', 'cloudpickle': '3.1.1', 'deprecation': '2.1.0', 'xxhash': '3.5.0', 'wurlitzer': '3.1.1'}, 'python': {'version': '3.11.13', 'machine': 'x86_64'}}
  warnings.warn(

2026-06-02 17:58:29,511:INFO:Initializing load_model()
2026-06-02 17:58:29,513:INFO:load_model(model_name=best_automl_ghosting_pipeline, platform=None, authentication=None, verbose=True)
2026-06-02 17:58:29,562:INFO:Initializing load_model()
2026-06-02 17:58:29,562:INFO:load_model(model_name=best_automl_ghosting_pipeline, platform=None, authentication=None, verbose=True)
2026-06-02 17:58:29,598:WARNING:C:\Users\Surface Laptop 3\AppData\Local\Programs\Python\Python311\Lib\site-packages\pycaret\internal\pipeline.py:148: UserWarning: Version mismatch:
current: {'deps_info': {'pip': '24.0', 'setuptools': '65.5.0', 'pycaret': '3.3.2', 'IPython': '9.14.0', 'ipywidgets': '8.1.8', 'tqdm': '4.67.3', 'numpy': '1.26.4', 'pandas': '2.1.4', 'jinja2': '3.1.6', 'scipy': '1.11.4', 'joblib': '1.3.2', 'sklearn': '1.4.2', 'pyod': '3.4.0', 'imblearn': '0.14.1', 'category_encoders': '2.7.0', 'lightgbm': '4.6.0', 'numba': '0.65.1', 'requests': '2.34.2', 'matplotlib': '3.7.5', 'scikitplot': '0.3.7', 'yellowbrick': '1.5', 'plotly': '6.7.0', 'plotly-resampler': 'Not installed', 'kaleido': '1.3.0', 'schemdraw': '0.15', 'statsmodels': '0.14.6', 'sktime': '0.26.0', 'tbats': '1.1.3', 'pmdarima': '2.0.4', 'psutil': '7.2.2', 'markupsafe': '3.0.3', 'pickle5': 'Not installed', 'cloudpickle': '3.1.2', 'deprecation': '2.1.0', 'xxhash': '3.7.0', 'wurlitzer': 'Not installed'}, 'python': {'version': '3.11.9', 'machine': 'AMD64'}}
pickle: {'deps_info': {'pip': '24.1.2', 'setuptools': '75.2.0', 'pycaret': '3.3.2', 'IPython': '7.34.0', 'ipywidgets': '7.7.1', 'tqdm': '4.67.1', 'numpy': '1.26.4', 'pandas': '2.1.4', 'jinja2': '3.1.6', 'scipy': '1.11.4', 'joblib': '1.3.2', 'sklearn': '1.4.2', 'pyod': '3.4.0', 'imblearn': '0.14.1', 'category_encoders': '2.7.0', 'lightgbm': '4.5.0', 'numba': '0.60.0', 'requests': '2.32.3', 'matplotlib': '3.7.5', 'scikitplot': '0.3.7', 'yellowbrick': '1.5', 'plotly': '5.24.1', 'plotly-resampler': 'Not installed', 'kaleido': '1.3.0', 'schemdraw': '0.15', 'statsmodels': '0.14.5', 'sktime': '0.26.0', 'tbats': '1.1.3', 'pmdarima': '2.0.4', 'psutil': '5.9.5', 'markupsafe': '2.0.1', 'pickle5': 'Not installed', 'cloudpickle': '3.1.1', 'deprecation': '2.1.0', 'xxhash': '3.5.0', 'wurlitzer': '3.1.1'}, 'python': {'version': '3.11.13', 'machine': 'x86_64'}}
  warnings.warn(

2026-06-02 17:58:29,836:INFO:Initializing load_model()
2026-06-02 17:58:29,837:INFO:load_model(model_name=best_automl_ghosting_pipeline, platform=None, authentication=None, verbose=True)
2026-06-02 17:58:29,875:WARNING:C:\Users\Surface Laptop 3\AppData\Local\Programs\Python\Python311\Lib\site-packages\pycaret\internal\pipeline.py:148: UserWarning: Version mismatch:
current: {'deps_info': {'pip': '24.0', 'setuptools': '65.5.0', 'pycaret': '3.3.2', 'IPython': '9.14.0', 'ipywidgets': '8.1.8', 'tqdm': '4.67.3', 'numpy': '1.26.4', 'pandas': '2.1.4', 'jinja2': '3.1.6', 'scipy': '1.11.4', 'joblib': '1.3.2', 'sklearn': '1.4.2', 'pyod': '3.4.0', 'imblearn': '0.14.1', 'category_encoders': '2.7.0', 'lightgbm': '4.6.0', 'numba': '0.65.1', 'requests': '2.34.2', 'matplotlib': '3.7.5', 'scikitplot': '0.3.7', 'yellowbrick': '1.5', 'plotly': '6.7.0', 'plotly-resampler': 'Not installed', 'kaleido': '1.3.0', 'schemdraw': '0.15', 'statsmodels': '0.14.6', 'sktime': '0.26.0', 'tbats': '1.1.3', 'pmdarima': '2.0.4', 'psutil': '7.2.2', 'markupsafe': '3.0.3', 'pickle5': 'Not installed', 'cloudpickle': '3.1.2', 'deprecation': '2.1.0', 'xxhash': '3.7.0', 'wurlitzer': 'Not installed'}, 'python': {'version': '3.11.9', 'machine': 'AMD64'}}
pickle: {'deps_info': {'pip': '24.1.2', 'setuptools': '75.2.0', 'pycaret': '3.3.2', 'IPython': '7.34.0', 'ipywidgets': '7.7.1', 'tqdm': '4.67.1', 'numpy': '1.26.4', 'pandas': '2.1.4', 'jinja2': '3.1.6', 'scipy': '1.11.4', 'joblib': '1.3.2', 'sklearn': '1.4.2', 'pyod': '3.4.0', 'imblearn': '0.14.1', 'category_encoders': '2.7.0', 'lightgbm': '4.5.0', 'numba': '0.60.0', 'requests': '2.32.3', 'matplotlib': '3.7.5', 'scikitplot': '0.3.7', 'yellowbrick': '1.5', 'plotly': '5.24.1', 'plotly-resampler': 'Not installed', 'kaleido': '1.3.0', 'schemdraw': '0.15', 'statsmodels': '0.14.5', 'sktime': '0.26.0', 'tbats': '1.1.3', 'pmdarima': '2.0.4', 'psutil': '5.9.5', 'markupsafe': '2.0.1', 'pickle5': 'Not installed', 'cloudpickle': '3.1.1', 'deprecation': '2.1.0', 'xxhash': '3.5.0', 'wurlitzer': '3.1.1'}, 'python': {'version': '3.11.13', 'machine': 'x86_64'}}
  warnings.warn(

2026-06-02 17:58:30,090:INFO:Initializing load_model()
2026-06-02 17:58:30,096:INFO:load_model(model_name=best_automl_ghosting_pipeline, platform=None, authentication=None, verbose=True)
2026-06-02 17:58:30,159:WARNING:C:\Users\Surface Laptop 3\AppData\Local\Programs\Python\Python311\Lib\site-packages\pycaret\internal\pipeline.py:148: UserWarning: Version mismatch:
current: {'deps_info': {'pip': '24.0', 'setuptools': '65.5.0', 'pycaret': '3.3.2', 'IPython': '9.14.0', 'ipywidgets': '8.1.8', 'tqdm': '4.67.3', 'numpy': '1.26.4', 'pandas': '2.1.4', 'jinja2': '3.1.6', 'scipy': '1.11.4', 'joblib': '1.3.2', 'sklearn': '1.4.2', 'pyod': '3.4.0', 'imblearn': '0.14.1', 'category_encoders': '2.7.0', 'lightgbm': '4.6.0', 'numba': '0.65.1', 'requests': '2.34.2', 'matplotlib': '3.7.5', 'scikitplot': '0.3.7', 'yellowbrick': '1.5', 'plotly': '6.7.0', 'plotly-resampler': 'Not installed', 'kaleido': '1.3.0', 'schemdraw': '0.15', 'statsmodels': '0.14.6', 'sktime': '0.26.0', 'tbats': '1.1.3', 'pmdarima': '2.0.4', 'psutil': '7.2.2', 'markupsafe': '3.0.3', 'pickle5': 'Not installed', 'cloudpickle': '3.1.2', 'deprecation': '2.1.0', 'xxhash': '3.7.0', 'wurlitzer': 'Not installed'}, 'python': {'version': '3.11.9', 'machine': 'AMD64'}}
pickle: {'deps_info': {'pip': '24.1.2', 'setuptools': '75.2.0', 'pycaret': '3.3.2', 'IPython': '7.34.0', 'ipywidgets': '7.7.1', 'tqdm': '4.67.1', 'numpy': '1.26.4', 'pandas': '2.1.4', 'jinja2': '3.1.6', 'scipy': '1.11.4', 'joblib': '1.3.2', 'sklearn': '1.4.2', 'pyod': '3.4.0', 'imblearn': '0.14.1', 'category_encoders': '2.7.0', 'lightgbm': '4.5.0', 'numba': '0.60.0', 'requests': '2.32.3', 'matplotlib': '3.7.5', 'scikitplot': '0.3.7', 'yellowbrick': '1.5', 'plotly': '5.24.1', 'plotly-resampler': 'Not installed', 'kaleido': '1.3.0', 'schemdraw': '0.15', 'statsmodels': '0.14.5', 'sktime': '0.26.0', 'tbats': '1.1.3', 'pmdarima': '2.0.4', 'psutil': '5.9.5', 'markupsafe': '2.0.1', 'pickle5': 'Not installed', 'cloudpickle': '3.1.1', 'deprecation': '2.1.0', 'xxhash': '3.5.0', 'wurlitzer': '3.1.1'}, 'python': {'version': '3.11.13', 'machine': 'x86_64'}}
  warnings.warn(

2026-06-02 17:58:31,542:INFO:Initializing load_model()
2026-06-02 17:58:31,542:INFO:load_model(model_name=best_automl_ghosting_pipeline, platform=None, authentication=None, verbose=True)
2026-06-02 17:58:31,590:WARNING:C:\Users\Surface Laptop 3\AppData\Local\Programs\Python\Python311\Lib\site-packages\pycaret\internal\pipeline.py:148: UserWarning: Version mismatch:
current: {'deps_info': {'pip': '24.0', 'setuptools': '65.5.0', 'pycaret': '3.3.2', 'IPython': '9.14.0', 'ipywidgets': '8.1.8', 'tqdm': '4.67.3', 'numpy': '1.26.4', 'pandas': '2.1.4', 'jinja2': '3.1.6', 'scipy': '1.11.4', 'joblib': '1.3.2', 'sklearn': '1.4.2', 'pyod': '3.4.0', 'imblearn': '0.14.1', 'category_encoders': '2.7.0', 'lightgbm': '4.6.0', 'numba': '0.65.1', 'requests': '2.34.2', 'matplotlib': '3.7.5', 'scikitplot': '0.3.7', 'yellowbrick': '1.5', 'plotly': '6.7.0', 'plotly-resampler': 'Not installed', 'kaleido': '1.3.0', 'schemdraw': '0.15', 'statsmodels': '0.14.6', 'sktime': '0.26.0', 'tbats': '1.1.3', 'pmdarima': '2.0.4', 'psutil': '7.2.2', 'markupsafe': '3.0.3', 'pickle5': 'Not installed', 'cloudpickle': '3.1.2', 'deprecation': '2.1.0', 'xxhash': '3.7.0', 'wurlitzer': 'Not installed'}, 'python': {'version': '3.11.9', 'machine': 'AMD64'}}
pickle: {'deps_info': {'pip': '24.1.2', 'setuptools': '75.2.0', 'pycaret': '3.3.2', 'IPython': '7.34.0', 'ipywidgets': '7.7.1', 'tqdm': '4.67.1', 'numpy': '1.26.4', 'pandas': '2.1.4', 'jinja2': '3.1.6', 'scipy': '1.11.4', 'joblib': '1.3.2', 'sklearn': '1.4.2', 'pyod': '3.4.0', 'imblearn': '0.14.1', 'category_encoders': '2.7.0', 'lightgbm': '4.5.0', 'numba': '0.60.0', 'requests': '2.32.3', 'matplotlib': '3.7.5', 'scikitplot': '0.3.7', 'yellowbrick': '1.5', 'plotly': '5.24.1', 'plotly-resampler': 'Not installed', 'kaleido': '1.3.0', 'schemdraw': '0.15', 'statsmodels': '0.14.5', 'sktime': '0.26.0', 'tbats': '1.1.3', 'pmdarima': '2.0.4', 'psutil': '5.9.5', 'markupsafe': '2.0.1', 'pickle5': 'Not installed', 'cloudpickle': '3.1.1', 'deprecation': '2.1.0', 'xxhash': '3.5.0', 'wurlitzer': '3.1.1'}, 'python': {'version': '3.11.13', 'machine': 'x86_64'}}
  warnings.warn(

2026-06-02 17:58:34,359:INFO:Initializing load_model()
2026-06-02 17:58:34,359:INFO:load_model(model_name=best_automl_ghosting_pipeline, platform=None, authentication=None, verbose=True)
2026-06-02 17:58:34,428:WARNING:C:\Users\Surface Laptop 3\AppData\Local\Programs\Python\Python311\Lib\site-packages\pycaret\internal\pipeline.py:148: UserWarning: Version mismatch:
current: {'deps_info': {'pip': '24.0', 'setuptools': '65.5.0', 'pycaret': '3.3.2', 'IPython': '9.14.0', 'ipywidgets': '8.1.8', 'tqdm': '4.67.3', 'numpy': '1.26.4', 'pandas': '2.1.4', 'jinja2': '3.1.6', 'scipy': '1.11.4', 'joblib': '1.3.2', 'sklearn': '1.4.2', 'pyod': '3.4.0', 'imblearn': '0.14.1', 'category_encoders': '2.7.0', 'lightgbm': '4.6.0', 'numba': '0.65.1', 'requests': '2.34.2', 'matplotlib': '3.7.5', 'scikitplot': '0.3.7', 'yellowbrick': '1.5', 'plotly': '6.7.0', 'plotly-resampler': 'Not installed', 'kaleido': '1.3.0', 'schemdraw': '0.15', 'statsmodels': '0.14.6', 'sktime': '0.26.0', 'tbats': '1.1.3', 'pmdarima': '2.0.4', 'psutil': '7.2.2', 'markupsafe': '3.0.3', 'pickle5': 'Not installed', 'cloudpickle': '3.1.2', 'deprecation': '2.1.0', 'xxhash': '3.7.0', 'wurlitzer': 'Not installed'}, 'python': {'version': '3.11.9', 'machine': 'AMD64'}}
pickle: {'deps_info': {'pip': '24.1.2', 'setuptools': '75.2.0', 'pycaret': '3.3.2', 'IPython': '7.34.0', 'ipywidgets': '7.7.1', 'tqdm': '4.67.1', 'numpy': '1.26.4', 'pandas': '2.1.4', 'jinja2': '3.1.6', 'scipy': '1.11.4', 'joblib': '1.3.2', 'sklearn': '1.4.2', 'pyod': '3.4.0', 'imblearn': '0.14.1', 'category_encoders': '2.7.0', 'lightgbm': '4.5.0', 'numba': '0.60.0', 'requests': '2.32.3', 'matplotlib': '3.7.5', 'scikitplot': '0.3.7', 'yellowbrick': '1.5', 'plotly': '5.24.1', 'plotly-resampler': 'Not installed', 'kaleido': '1.3.0', 'schemdraw': '0.15', 'statsmodels': '0.14.5', 'sktime': '0.26.0', 'tbats': '1.1.3', 'pmdarima': '2.0.4', 'psutil': '5.9.5', 'markupsafe': '2.0.1', 'pickle5': 'Not installed', 'cloudpickle': '3.1.1', 'deprecation': '2.1.0', 'xxhash': '3.5.0', 'wurlitzer': '3.1.1'}, 'python': {'version': '3.11.13', 'machine': 'x86_64'}}
  warnings.warn(

2026-06-02 17:58:36,311:INFO:Initializing load_model()
2026-06-02 17:58:36,311:INFO:load_model(model_name=best_automl_ghosting_pipeline, platform=None, authentication=None, verbose=True)
2026-06-02 17:58:36,373:WARNING:C:\Users\Surface Laptop 3\AppData\Local\Programs\Python\Python311\Lib\site-packages\pycaret\internal\pipeline.py:148: UserWarning: Version mismatch:
current: {'deps_info': {'pip': '24.0', 'setuptools': '65.5.0', 'pycaret': '3.3.2', 'IPython': '9.14.0', 'ipywidgets': '8.1.8', 'tqdm': '4.67.3', 'numpy': '1.26.4', 'pandas': '2.1.4', 'jinja2': '3.1.6', 'scipy': '1.11.4', 'joblib': '1.3.2', 'sklearn': '1.4.2', 'pyod': '3.4.0', 'imblearn': '0.14.1', 'category_encoders': '2.7.0', 'lightgbm': '4.6.0', 'numba': '0.65.1', 'requests': '2.34.2', 'matplotlib': '3.7.5', 'scikitplot': '0.3.7', 'yellowbrick': '1.5', 'plotly': '6.7.0', 'plotly-resampler': 'Not installed', 'kaleido': '1.3.0', 'schemdraw': '0.15', 'statsmodels': '0.14.6', 'sktime': '0.26.0', 'tbats': '1.1.3', 'pmdarima': '2.0.4', 'psutil': '7.2.2', 'markupsafe': '3.0.3', 'pickle5': 'Not installed', 'cloudpickle': '3.1.2', 'deprecation': '2.1.0', 'xxhash': '3.7.0', 'wurlitzer': 'Not installed'}, 'python': {'version': '3.11.9', 'machine': 'AMD64'}}
pickle: {'deps_info': {'pip': '24.1.2', 'setuptools': '75.2.0', 'pycaret': '3.3.2', 'IPython': '7.34.0', 'ipywidgets': '7.7.1', 'tqdm': '4.67.1', 'numpy': '1.26.4', 'pandas': '2.1.4', 'jinja2': '3.1.6', 'scipy': '1.11.4', 'joblib': '1.3.2', 'sklearn': '1.4.2', 'pyod': '3.4.0', 'imblearn': '0.14.1', 'category_encoders': '2.7.0', 'lightgbm': '4.5.0', 'numba': '0.60.0', 'requests': '2.32.3', 'matplotlib': '3.7.5', 'scikitplot': '0.3.7', 'yellowbrick': '1.5', 'plotly': '5.24.1', 'plotly-resampler': 'Not installed', 'kaleido': '1.3.0', 'schemdraw': '0.15', 'statsmodels': '0.14.5', 'sktime': '0.26.0', 'tbats': '1.1.3', 'pmdarima': '2.0.4', 'psutil': '5.9.5', 'markupsafe': '2.0.1', 'pickle5': 'Not installed', 'cloudpickle': '3.1.1', 'deprecation': '2.1.0', 'xxhash': '3.5.0', 'wurlitzer': '3.1.1'}, 'python': {'version': '3.11.13', 'machine': 'x86_64'}}
  warnings.warn(

2026-06-02 17:58:36,445:INFO:Initializing predict_model()
2026-06-02 17:58:36,445:INFO:predict_model(self=<pycaret.classification.oop.ClassificationExperiment object at 0x0000025F96E94250>, estimator=Pipeline(memory=Memory(location=None),
         steps=[('numerical_imputer',
                 TransformerWrapper(include=['income_bracket',
                                             'education_level',
                                             'app_usage_time_min',
                                             'swipe_right_ratio',
                                             'likes_received', 'mutual_matches',
                                             'profile_pics_count', 'bio_length',
                                             'message_sent_count',
                                             'emoji_usage_rate',
                                             'last_active_hour'],
                                    transformer=SimpleImputer())),
                ('categorical_imputer'...
                                                                    'swipe_time_of_day'],
                                                              handle_missing='return_nan',
                                                              use_cat_names=True))),
                ('balance',
                 TransformerWrapper(transformer=FixImbalancer(estimator=SMOTE(random_state=42)))),
                ('normalize', TransformerWrapper(transformer=StandardScaler())),
                ('pca',
                 TransformerWrapper(exclude=[],
                                    transformer=PCA(n_components=10))),
                ('actual_estimator', KNeighborsClassifier(n_jobs=-1))]), probability_threshold=None, encoded_labels=False, raw_score=False, round=4, verbose=True, ml_usecase=None, preprocess=True, encode_labels=<function _SupervisedExperiment.predict_model.<locals>.encode_labels at 0x0000025F92BFA5C0>)
2026-06-02 17:58:36,445:INFO:Checking exceptions
2026-06-02 17:58:36,445:INFO:Preloading libraries
2026-06-02 17:58:36,445:INFO:Set up data.
2026-06-02 17:58:36,460:INFO:Set up index.
2026-06-02 17:58:50,372:INFO:Initializing load_model()
2026-06-02 17:58:50,373:INFO:load_model(model_name=best_automl_ghosting_pipeline, platform=None, authentication=None, verbose=True)
2026-06-02 17:58:50,412:WARNING:C:\Users\Surface Laptop 3\AppData\Local\Programs\Python\Python311\Lib\site-packages\pycaret\internal\pipeline.py:148: UserWarning: Version mismatch:
current: {'deps_info': {'pip': '24.0', 'setuptools': '65.5.0', 'pycaret': '3.3.2', 'IPython': '9.14.0', 'ipywidgets': '8.1.8', 'tqdm': '4.67.3', 'numpy': '1.26.4', 'pandas': '2.1.4', 'jinja2': '3.1.6', 'scipy': '1.11.4', 'joblib': '1.3.2', 'sklearn': '1.4.2', 'pyod': '3.4.0', 'imblearn': '0.14.1', 'category_encoders': '2.7.0', 'lightgbm': '4.6.0', 'numba': '0.65.1', 'requests': '2.34.2', 'matplotlib': '3.7.5', 'scikitplot': '0.3.7', 'yellowbrick': '1.5', 'plotly': '6.7.0', 'plotly-resampler': 'Not installed', 'kaleido': '1.3.0', 'schemdraw': '0.15', 'statsmodels': '0.14.6', 'sktime': '0.26.0', 'tbats': '1.1.3', 'pmdarima': '2.0.4', 'psutil': '7.2.2', 'markupsafe': '3.0.3', 'pickle5': 'Not installed', 'cloudpickle': '3.1.2', 'deprecation': '2.1.0', 'xxhash': '3.7.0', 'wurlitzer': 'Not installed'}, 'python': {'version': '3.11.9', 'machine': 'AMD64'}}
pickle: {'deps_info': {'pip': '24.1.2', 'setuptools': '75.2.0', 'pycaret': '3.3.2', 'IPython': '7.34.0', 'ipywidgets': '7.7.1', 'tqdm': '4.67.1', 'numpy': '1.26.4', 'pandas': '2.1.4', 'jinja2': '3.1.6', 'scipy': '1.11.4', 'joblib': '1.3.2', 'sklearn': '1.4.2', 'pyod': '3.4.0', 'imblearn': '0.14.1', 'category_encoders': '2.7.0', 'lightgbm': '4.5.0', 'numba': '0.60.0', 'requests': '2.32.3', 'matplotlib': '3.7.5', 'scikitplot': '0.3.7', 'yellowbrick': '1.5', 'plotly': '5.24.1', 'plotly-resampler': 'Not installed', 'kaleido': '1.3.0', 'schemdraw': '0.15', 'statsmodels': '0.14.5', 'sktime': '0.26.0', 'tbats': '1.1.3', 'pmdarima': '2.0.4', 'psutil': '5.9.5', 'markupsafe': '2.0.1', 'pickle5': 'Not installed', 'cloudpickle': '3.1.1', 'deprecation': '2.1.0', 'xxhash': '3.5.0', 'wurlitzer': '3.1.1'}, 'python': {'version': '3.11.13', 'machine': 'x86_64'}}
  warnings.warn(

2026-06-02 17:58:52,248:INFO:Initializing load_model()
2026-06-02 17:58:52,248:INFO:load_model(model_name=best_automl_ghosting_pipeline, platform=None, authentication=None, verbose=True)
2026-06-02 17:58:52,297:WARNING:C:\Users\Surface Laptop 3\AppData\Local\Programs\Python\Python311\Lib\site-packages\pycaret\internal\pipeline.py:148: UserWarning: Version mismatch:
current: {'deps_info': {'pip': '24.0', 'setuptools': '65.5.0', 'pycaret': '3.3.2', 'IPython': '9.14.0', 'ipywidgets': '8.1.8', 'tqdm': '4.67.3', 'numpy': '1.26.4', 'pandas': '2.1.4', 'jinja2': '3.1.6', 'scipy': '1.11.4', 'joblib': '1.3.2', 'sklearn': '1.4.2', 'pyod': '3.4.0', 'imblearn': '0.14.1', 'category_encoders': '2.7.0', 'lightgbm': '4.6.0', 'numba': '0.65.1', 'requests': '2.34.2', 'matplotlib': '3.7.5', 'scikitplot': '0.3.7', 'yellowbrick': '1.5', 'plotly': '6.7.0', 'plotly-resampler': 'Not installed', 'kaleido': '1.3.0', 'schemdraw': '0.15', 'statsmodels': '0.14.6', 'sktime': '0.26.0', 'tbats': '1.1.3', 'pmdarima': '2.0.4', 'psutil': '7.2.2', 'markupsafe': '3.0.3', 'pickle5': 'Not installed', 'cloudpickle': '3.1.2', 'deprecation': '2.1.0', 'xxhash': '3.7.0', 'wurlitzer': 'Not installed'}, 'python': {'version': '3.11.9', 'machine': 'AMD64'}}
pickle: {'deps_info': {'pip': '24.1.2', 'setuptools': '75.2.0', 'pycaret': '3.3.2', 'IPython': '7.34.0', 'ipywidgets': '7.7.1', 'tqdm': '4.67.1', 'numpy': '1.26.4', 'pandas': '2.1.4', 'jinja2': '3.1.6', 'scipy': '1.11.4', 'joblib': '1.3.2', 'sklearn': '1.4.2', 'pyod': '3.4.0', 'imblearn': '0.14.1', 'category_encoders': '2.7.0', 'lightgbm': '4.5.0', 'numba': '0.60.0', 'requests': '2.32.3', 'matplotlib': '3.7.5', 'scikitplot': '0.3.7', 'yellowbrick': '1.5', 'plotly': '5.24.1', 'plotly-resampler': 'Not installed', 'kaleido': '1.3.0', 'schemdraw': '0.15', 'statsmodels': '0.14.5', 'sktime': '0.26.0', 'tbats': '1.1.3', 'pmdarima': '2.0.4', 'psutil': '5.9.5', 'markupsafe': '2.0.1', 'pickle5': 'Not installed', 'cloudpickle': '3.1.1', 'deprecation': '2.1.0', 'xxhash': '3.5.0', 'wurlitzer': '3.1.1'}, 'python': {'version': '3.11.13', 'machine': 'x86_64'}}
  warnings.warn(

2026-06-02 17:58:54,314:INFO:Initializing load_model()
2026-06-02 17:58:54,314:INFO:load_model(model_name=best_automl_ghosting_pipeline, platform=None, authentication=None, verbose=True)
2026-06-02 17:58:54,360:WARNING:C:\Users\Surface Laptop 3\AppData\Local\Programs\Python\Python311\Lib\site-packages\pycaret\internal\pipeline.py:148: UserWarning: Version mismatch:
current: {'deps_info': {'pip': '24.0', 'setuptools': '65.5.0', 'pycaret': '3.3.2', 'IPython': '9.14.0', 'ipywidgets': '8.1.8', 'tqdm': '4.67.3', 'numpy': '1.26.4', 'pandas': '2.1.4', 'jinja2': '3.1.6', 'scipy': '1.11.4', 'joblib': '1.3.2', 'sklearn': '1.4.2', 'pyod': '3.4.0', 'imblearn': '0.14.1', 'category_encoders': '2.7.0', 'lightgbm': '4.6.0', 'numba': '0.65.1', 'requests': '2.34.2', 'matplotlib': '3.7.5', 'scikitplot': '0.3.7', 'yellowbrick': '1.5', 'plotly': '6.7.0', 'plotly-resampler': 'Not installed', 'kaleido': '1.3.0', 'schemdraw': '0.15', 'statsmodels': '0.14.6', 'sktime': '0.26.0', 'tbats': '1.1.3', 'pmdarima': '2.0.4', 'psutil': '7.2.2', 'markupsafe': '3.0.3', 'pickle5': 'Not installed', 'cloudpickle': '3.1.2', 'deprecation': '2.1.0', 'xxhash': '3.7.0', 'wurlitzer': 'Not installed'}, 'python': {'version': '3.11.9', 'machine': 'AMD64'}}
pickle: {'deps_info': {'pip': '24.1.2', 'setuptools': '75.2.0', 'pycaret': '3.3.2', 'IPython': '7.34.0', 'ipywidgets': '7.7.1', 'tqdm': '4.67.1', 'numpy': '1.26.4', 'pandas': '2.1.4', 'jinja2': '3.1.6', 'scipy': '1.11.4', 'joblib': '1.3.2', 'sklearn': '1.4.2', 'pyod': '3.4.0', 'imblearn': '0.14.1', 'category_encoders': '2.7.0', 'lightgbm': '4.5.0', 'numba': '0.60.0', 'requests': '2.32.3', 'matplotlib': '3.7.5', 'scikitplot': '0.3.7', 'yellowbrick': '1.5', 'plotly': '5.24.1', 'plotly-resampler': 'Not installed', 'kaleido': '1.3.0', 'schemdraw': '0.15', 'statsmodels': '0.14.5', 'sktime': '0.26.0', 'tbats': '1.1.3', 'pmdarima': '2.0.4', 'psutil': '5.9.5', 'markupsafe': '2.0.1', 'pickle5': 'Not installed', 'cloudpickle': '3.1.1', 'deprecation': '2.1.0', 'xxhash': '3.5.0', 'wurlitzer': '3.1.1'}, 'python': {'version': '3.11.13', 'machine': 'x86_64'}}
  warnings.warn(

2026-06-02 17:58:56,373:INFO:Initializing load_model()
2026-06-02 17:58:56,375:INFO:load_model(model_name=best_automl_ghosting_pipeline, platform=None, authentication=None, verbose=True)
2026-06-02 17:58:56,408:WARNING:C:\Users\Surface Laptop 3\AppData\Local\Programs\Python\Python311\Lib\site-packages\pycaret\internal\pipeline.py:148: UserWarning: Version mismatch:
current: {'deps_info': {'pip': '24.0', 'setuptools': '65.5.0', 'pycaret': '3.3.2', 'IPython': '9.14.0', 'ipywidgets': '8.1.8', 'tqdm': '4.67.3', 'numpy': '1.26.4', 'pandas': '2.1.4', 'jinja2': '3.1.6', 'scipy': '1.11.4', 'joblib': '1.3.2', 'sklearn': '1.4.2', 'pyod': '3.4.0', 'imblearn': '0.14.1', 'category_encoders': '2.7.0', 'lightgbm': '4.6.0', 'numba': '0.65.1', 'requests': '2.34.2', 'matplotlib': '3.7.5', 'scikitplot': '0.3.7', 'yellowbrick': '1.5', 'plotly': '6.7.0', 'plotly-resampler': 'Not installed', 'kaleido': '1.3.0', 'schemdraw': '0.15', 'statsmodels': '0.14.6', 'sktime': '0.26.0', 'tbats': '1.1.3', 'pmdarima': '2.0.4', 'psutil': '7.2.2', 'markupsafe': '3.0.3', 'pickle5': 'Not installed', 'cloudpickle': '3.1.2', 'deprecation': '2.1.0', 'xxhash': '3.7.0', 'wurlitzer': 'Not installed'}, 'python': {'version': '3.11.9', 'machine': 'AMD64'}}
pickle: {'deps_info': {'pip': '24.1.2', 'setuptools': '75.2.0', 'pycaret': '3.3.2', 'IPython': '7.34.0', 'ipywidgets': '7.7.1', 'tqdm': '4.67.1', 'numpy': '1.26.4', 'pandas': '2.1.4', 'jinja2': '3.1.6', 'scipy': '1.11.4', 'joblib': '1.3.2', 'sklearn': '1.4.2', 'pyod': '3.4.0', 'imblearn': '0.14.1', 'category_encoders': '2.7.0', 'lightgbm': '4.5.0', 'numba': '0.60.0', 'requests': '2.32.3', 'matplotlib': '3.7.5', 'scikitplot': '0.3.7', 'yellowbrick': '1.5', 'plotly': '5.24.1', 'plotly-resampler': 'Not installed', 'kaleido': '1.3.0', 'schemdraw': '0.15', 'statsmodels': '0.14.5', 'sktime': '0.26.0', 'tbats': '1.1.3', 'pmdarima': '2.0.4', 'psutil': '5.9.5', 'markupsafe': '2.0.1', 'pickle5': 'Not installed', 'cloudpickle': '3.1.1', 'deprecation': '2.1.0', 'xxhash': '3.5.0', 'wurlitzer': '3.1.1'}, 'python': {'version': '3.11.13', 'machine': 'x86_64'}}
  warnings.warn(

2026-06-02 17:58:59,895:INFO:Initializing load_model()
2026-06-02 17:58:59,895:INFO:load_model(model_name=best_automl_ghosting_pipeline, platform=None, authentication=None, verbose=True)
2026-06-02 17:58:59,946:WARNING:C:\Users\Surface Laptop 3\AppData\Local\Programs\Python\Python311\Lib\site-packages\pycaret\internal\pipeline.py:148: UserWarning: Version mismatch:
current: {'deps_info': {'pip': '24.0', 'setuptools': '65.5.0', 'pycaret': '3.3.2', 'IPython': '9.14.0', 'ipywidgets': '8.1.8', 'tqdm': '4.67.3', 'numpy': '1.26.4', 'pandas': '2.1.4', 'jinja2': '3.1.6', 'scipy': '1.11.4', 'joblib': '1.3.2', 'sklearn': '1.4.2', 'pyod': '3.4.0', 'imblearn': '0.14.1', 'category_encoders': '2.7.0', 'lightgbm': '4.6.0', 'numba': '0.65.1', 'requests': '2.34.2', 'matplotlib': '3.7.5', 'scikitplot': '0.3.7', 'yellowbrick': '1.5', 'plotly': '6.7.0', 'plotly-resampler': 'Not installed', 'kaleido': '1.3.0', 'schemdraw': '0.15', 'statsmodels': '0.14.6', 'sktime': '0.26.0', 'tbats': '1.1.3', 'pmdarima': '2.0.4', 'psutil': '7.2.2', 'markupsafe': '3.0.3', 'pickle5': 'Not installed', 'cloudpickle': '3.1.2', 'deprecation': '2.1.0', 'xxhash': '3.7.0', 'wurlitzer': 'Not installed'}, 'python': {'version': '3.11.9', 'machine': 'AMD64'}}
pickle: {'deps_info': {'pip': '24.1.2', 'setuptools': '75.2.0', 'pycaret': '3.3.2', 'IPython': '7.34.0', 'ipywidgets': '7.7.1', 'tqdm': '4.67.1', 'numpy': '1.26.4', 'pandas': '2.1.4', 'jinja2': '3.1.6', 'scipy': '1.11.4', 'joblib': '1.3.2', 'sklearn': '1.4.2', 'pyod': '3.4.0', 'imblearn': '0.14.1', 'category_encoders': '2.7.0', 'lightgbm': '4.5.0', 'numba': '0.60.0', 'requests': '2.32.3', 'matplotlib': '3.7.5', 'scikitplot': '0.3.7', 'yellowbrick': '1.5', 'plotly': '5.24.1', 'plotly-resampler': 'Not installed', 'kaleido': '1.3.0', 'schemdraw': '0.15', 'statsmodels': '0.14.5', 'sktime': '0.26.0', 'tbats': '1.1.3', 'pmdarima': '2.0.4', 'psutil': '5.9.5', 'markupsafe': '2.0.1', 'pickle5': 'Not installed', 'cloudpickle': '3.1.1', 'deprecation': '2.1.0', 'xxhash': '3.5.0', 'wurlitzer': '3.1.1'}, 'python': {'version': '3.11.13', 'machine': 'x86_64'}}
  warnings.warn(

2026-06-02 17:59:02,008:INFO:Initializing load_model()
2026-06-02 17:59:02,008:INFO:load_model(model_name=best_automl_ghosting_pipeline, platform=None, authentication=None, verbose=True)
2026-06-02 17:59:02,064:WARNING:C:\Users\Surface Laptop 3\AppData\Local\Programs\Python\Python311\Lib\site-packages\pycaret\internal\pipeline.py:148: UserWarning: Version mismatch:
current: {'deps_info': {'pip': '24.0', 'setuptools': '65.5.0', 'pycaret': '3.3.2', 'IPython': '9.14.0', 'ipywidgets': '8.1.8', 'tqdm': '4.67.3', 'numpy': '1.26.4', 'pandas': '2.1.4', 'jinja2': '3.1.6', 'scipy': '1.11.4', 'joblib': '1.3.2', 'sklearn': '1.4.2', 'pyod': '3.4.0', 'imblearn': '0.14.1', 'category_encoders': '2.7.0', 'lightgbm': '4.6.0', 'numba': '0.65.1', 'requests': '2.34.2', 'matplotlib': '3.7.5', 'scikitplot': '0.3.7', 'yellowbrick': '1.5', 'plotly': '6.7.0', 'plotly-resampler': 'Not installed', 'kaleido': '1.3.0', 'schemdraw': '0.15', 'statsmodels': '0.14.6', 'sktime': '0.26.0', 'tbats': '1.1.3', 'pmdarima': '2.0.4', 'psutil': '7.2.2', 'markupsafe': '3.0.3', 'pickle5': 'Not installed', 'cloudpickle': '3.1.2', 'deprecation': '2.1.0', 'xxhash': '3.7.0', 'wurlitzer': 'Not installed'}, 'python': {'version': '3.11.9', 'machine': 'AMD64'}}
pickle: {'deps_info': {'pip': '24.1.2', 'setuptools': '75.2.0', 'pycaret': '3.3.2', 'IPython': '7.34.0', 'ipywidgets': '7.7.1', 'tqdm': '4.67.1', 'numpy': '1.26.4', 'pandas': '2.1.4', 'jinja2': '3.1.6', 'scipy': '1.11.4', 'joblib': '1.3.2', 'sklearn': '1.4.2', 'pyod': '3.4.0', 'imblearn': '0.14.1', 'category_encoders': '2.7.0', 'lightgbm': '4.5.0', 'numba': '0.60.0', 'requests': '2.32.3', 'matplotlib': '3.7.5', 'scikitplot': '0.3.7', 'yellowbrick': '1.5', 'plotly': '5.24.1', 'plotly-resampler': 'Not installed', 'kaleido': '1.3.0', 'schemdraw': '0.15', 'statsmodels': '0.14.5', 'sktime': '0.26.0', 'tbats': '1.1.3', 'pmdarima': '2.0.4', 'psutil': '5.9.5', 'markupsafe': '2.0.1', 'pickle5': 'Not installed', 'cloudpickle': '3.1.1', 'deprecation': '2.1.0', 'xxhash': '3.5.0', 'wurlitzer': '3.1.1'}, 'python': {'version': '3.11.13', 'machine': 'x86_64'}}
  warnings.warn(

2026-06-02 17:59:02,120:INFO:Initializing predict_model()
2026-06-02 17:59:02,120:INFO:predict_model(self=<pycaret.classification.oop.ClassificationExperiment object at 0x0000025F89C17DD0>, estimator=Pipeline(memory=Memory(location=None),
         steps=[('numerical_imputer',
                 TransformerWrapper(include=['income_bracket',
                                             'education_level',
                                             'app_usage_time_min',
                                             'swipe_right_ratio',
                                             'likes_received', 'mutual_matches',
                                             'profile_pics_count', 'bio_length',
                                             'message_sent_count',
                                             'emoji_usage_rate',
                                             'last_active_hour'],
                                    transformer=SimpleImputer())),
                ('categorical_imputer'...
                                                                    'swipe_time_of_day'],
                                                              handle_missing='return_nan',
                                                              use_cat_names=True))),
                ('balance',
                 TransformerWrapper(transformer=FixImbalancer(estimator=SMOTE(random_state=42)))),
                ('normalize', TransformerWrapper(transformer=StandardScaler())),
                ('pca',
                 TransformerWrapper(exclude=[],
                                    transformer=PCA(n_components=10))),
                ('actual_estimator', KNeighborsClassifier(n_jobs=-1))]), probability_threshold=None, encoded_labels=False, raw_score=False, round=4, verbose=True, ml_usecase=None, preprocess=True, encode_labels=<function _SupervisedExperiment.predict_model.<locals>.encode_labels at 0x0000025F92BFA5C0>)
2026-06-02 17:59:02,120:INFO:Checking exceptions
2026-06-02 17:59:02,120:INFO:Preloading libraries
2026-06-02 17:59:02,120:INFO:Set up data.
2026-06-02 17:59:02,136:INFO:Set up index.
2026-06-02 18:02:20,914:WARNING:
'cuml' is a soft dependency and not included in the pycaret installation. Please run: `pip install cuml` to install.
2026-06-02 18:02:20,914:WARNING:
'cuml' is a soft dependency and not included in the pycaret installation. Please run: `pip install cuml` to install.
2026-06-02 18:02:20,916:WARNING:
'cuml' is a soft dependency and not included in the pycaret installation. Please run: `pip install cuml` to install.
2026-06-02 18:02:20,916:WARNING:
'cuml' is a soft dependency and not included in the pycaret installation. Please run: `pip install cuml` to install.
2026-06-02 18:02:23,729:INFO:Initializing load_model()
2026-06-02 18:02:23,729:INFO:load_model(model_name=best_automl_ghosting_pipeline, platform=None, authentication=None, verbose=True)
2026-06-02 18:02:23,838:WARNING:C:\Users\Surface Laptop 3\AppData\Local\Programs\Python\Python311\Lib\site-packages\pycaret\internal\pipeline.py:148: UserWarning: Version mismatch:
current: {'deps_info': {'pip': '24.0', 'setuptools': '65.5.0', 'pycaret': '3.3.2', 'IPython': '9.14.0', 'ipywidgets': '8.1.8', 'tqdm': '4.67.3', 'numpy': '1.26.4', 'pandas': '2.1.4', 'jinja2': '3.1.6', 'scipy': '1.11.4', 'joblib': '1.3.2', 'sklearn': '1.4.2', 'pyod': '3.4.0', 'imblearn': '0.14.1', 'category_encoders': '2.7.0', 'lightgbm': '4.6.0', 'numba': '0.65.1', 'requests': '2.34.2', 'matplotlib': '3.7.5', 'scikitplot': '0.3.7', 'yellowbrick': '1.5', 'plotly': '6.7.0', 'plotly-resampler': 'Not installed', 'kaleido': '1.3.0', 'schemdraw': '0.15', 'statsmodels': '0.14.6', 'sktime': '0.26.0', 'tbats': '1.1.3', 'pmdarima': '2.0.4', 'psutil': '7.2.2', 'markupsafe': '3.0.3', 'pickle5': 'Not installed', 'cloudpickle': '3.1.2', 'deprecation': '2.1.0', 'xxhash': '3.7.0', 'wurlitzer': 'Not installed'}, 'python': {'version': '3.11.9', 'machine': 'AMD64'}}
pickle: {'deps_info': {'pip': '24.1.2', 'setuptools': '75.2.0', 'pycaret': '3.3.2', 'IPython': '7.34.0', 'ipywidgets': '7.7.1', 'tqdm': '4.67.1', 'numpy': '1.26.4', 'pandas': '2.1.4', 'jinja2': '3.1.6', 'scipy': '1.11.4', 'joblib': '1.3.2', 'sklearn': '1.4.2', 'pyod': '3.4.0', 'imblearn': '0.14.1', 'category_encoders': '2.7.0', 'lightgbm': '4.5.0', 'numba': '0.60.0', 'requests': '2.32.3', 'matplotlib': '3.7.5', 'scikitplot': '0.3.7', 'yellowbrick': '1.5', 'plotly': '5.24.1', 'plotly-resampler': 'Not installed', 'kaleido': '1.3.0', 'schemdraw': '0.15', 'statsmodels': '0.14.5', 'sktime': '0.26.0', 'tbats': '1.1.3', 'pmdarima': '2.0.4', 'psutil': '5.9.5', 'markupsafe': '2.0.1', 'pickle5': 'Not installed', 'cloudpickle': '3.1.1', 'deprecation': '2.1.0', 'xxhash': '3.5.0', 'wurlitzer': '3.1.1'}, 'python': {'version': '3.11.13', 'machine': 'x86_64'}}
  warnings.warn(

2026-06-02 18:02:35,628:INFO:Initializing predict_model()
2026-06-02 18:02:35,628:INFO:predict_model(self=<pycaret.classification.oop.ClassificationExperiment object at 0x000002AB4ADF6D50>, estimator=Pipeline(memory=Memory(location=None),
         steps=[('numerical_imputer',
                 TransformerWrapper(include=['income_bracket',
                                             'education_level',
                                             'app_usage_time_min',
                                             'swipe_right_ratio',
                                             'likes_received', 'mutual_matches',
                                             'profile_pics_count', 'bio_length',
                                             'message_sent_count',
                                             'emoji_usage_rate',
                                             'last_active_hour'],
                                    transformer=SimpleImputer())),
                ('categorical_imputer'...
                                                                    'swipe_time_of_day'],
                                                              handle_missing='return_nan',
                                                              use_cat_names=True))),
                ('balance',
                 TransformerWrapper(transformer=FixImbalancer(estimator=SMOTE(random_state=42)))),
                ('normalize', TransformerWrapper(transformer=StandardScaler())),
                ('pca',
                 TransformerWrapper(exclude=[],
                                    transformer=PCA(n_components=10))),
                ('actual_estimator', KNeighborsClassifier(n_jobs=-1))]), probability_threshold=None, encoded_labels=False, raw_score=False, round=4, verbose=True, ml_usecase=None, preprocess=True, encode_labels=<function _SupervisedExperiment.predict_model.<locals>.encode_labels at 0x000002AB49ADA340>)
2026-06-02 18:02:35,628:INFO:Checking exceptions
2026-06-02 18:02:35,635:INFO:Preloading libraries
2026-06-02 18:02:35,635:INFO:Set up data.
2026-06-02 18:02:35,665:INFO:Set up index.
